$date
	Sun Sep 13 12:20:12 2026
$end
$version
	Icarus Verilog
$end
$timescale
	1ps
$end
$scope module testbench $end
$var wire 8 ! y [7:0] $end
$var reg 1 " clk $end
$var reg 10 # x [9:0] $end
$var integer 32 $ i [31:0] $end
$scope module dut $end
$var wire 1 " clk $end
$var wire 10 % x [9:0] $end
$var wire 8 & y [7:0] $end
$var wire 8 ' addr_reg [7:0] $end
$var reg 10 ( addr_reg_temp [9:0] $end
$var integer 32 ) arg [31:0] $end
$var integer 32 * i [31:0] $end
$upscope $end
$upscope $end
$enddefinitions $end
#0
$dumpvars
b100000000 *
b1111110 )
b0 (
b0 '
b0 &
b0 %
bx $
b0 #
1"
b0 !
$end
#5000
b0 $
#10000
0"
#20000
1"
#25000
b1 $
b1 #
b1 %
#30000
0"
#40000
b1 '
b1 (
1"
#45000
b10 $
b10 #
b10 %
#50000
0"
#60000
b1 !
b1 &
b10 '
b10 (
1"
#65000
b11 $
b11 #
b11 %
#70000
0"
#80000
b10 !
b10 &
b11 '
b11 (
1"
#85000
b100 $
b100 #
b100 %
#90000
0"
#100000
b11 !
b11 &
b100 '
b100 (
1"
#105000
b101 $
b101 #
b101 %
#110000
0"
#120000
b101 '
b101 (
1"
#125000
b110 $
b110 #
b110 %
#130000
0"
#140000
b100 !
b100 &
b110 '
b110 (
1"
#145000
b111 $
b111 #
b111 %
#150000
0"
#160000
b101 !
b101 &
b111 '
b111 (
1"
#165000
b1000 $
b1000 #
b1000 %
#170000
0"
#180000
b110 !
b110 &
b1000 '
b1000 (
1"
#185000
b1001 $
b1001 #
b1001 %
#190000
0"
#200000
b111 !
b111 &
b1001 '
b1001 (
1"
#205000
b1010 $
b1010 #
b1010 %
#210000
0"
#220000
b1010 '
b1010 (
1"
#225000
b1011 $
b1011 #
b1011 %
#230000
0"
#240000
b1000 !
b1000 &
b1011 '
b1011 (
1"
#245000
b1100 $
b1100 #
b1100 %
#250000
0"
#260000
b1001 !
b1001 &
b1100 '
b1100 (
1"
#265000
b1101 $
b1101 #
b1101 %
#270000
0"
#280000
b1010 !
b1010 &
b1101 '
b1101 (
1"
#285000
b1110 $
b1110 #
b1110 %
#290000
0"
#300000
b1110 '
b1110 (
1"
#305000
b1111 $
b1111 #
b1111 %
#310000
0"
#320000
b1011 !
b1011 &
b1111 '
b1111 (
1"
#325000
b10000 $
b10000 #
b10000 %
#330000
0"
#340000
b1100 !
b1100 &
b10000 '
b10000 (
1"
#345000
b10001 $
b10001 #
b10001 %
#350000
0"
#360000
b1101 !
b1101 &
b10001 '
b10001 (
1"
#365000
b10010 $
b10010 #
b10010 %
#370000
0"
#380000
b10010 '
b10010 (
1"
#385000
b10011 $
b10011 #
b10011 %
#390000
0"
#400000
b1110 !
b1110 &
b10011 '
b10011 (
1"
#405000
b10100 $
b10100 #
b10100 %
#410000
0"
#420000
b1111 !
b1111 &
b10100 '
b10100 (
1"
#425000
b10101 $
b10101 #
b10101 %
#430000
0"
#440000
b10000 !
b10000 &
b10101 '
b10101 (
1"
#445000
b10110 $
b10110 #
b10110 %
#450000
0"
#460000
b10001 !
b10001 &
b10110 '
b10110 (
1"
#465000
b10111 $
b10111 #
b10111 %
#470000
0"
#480000
b10111 '
b10111 (
1"
#485000
b11000 $
b11000 #
b11000 %
#490000
0"
#500000
b10010 !
b10010 &
b11000 '
b11000 (
1"
#505000
b11001 $
b11001 #
b11001 %
#510000
0"
#520000
b10011 !
b10011 &
b11001 '
b11001 (
1"
#525000
b11010 $
b11010 #
b11010 %
#530000
0"
#540000
b10100 !
b10100 &
b11010 '
b11010 (
1"
#545000
b11011 $
b11011 #
b11011 %
#550000
0"
#560000
b11011 '
b11011 (
1"
#565000
b11100 $
b11100 #
b11100 %
#570000
0"
#580000
b10101 !
b10101 &
b11100 '
b11100 (
1"
#585000
b11101 $
b11101 #
b11101 %
#590000
0"
#600000
b10110 !
b10110 &
b11101 '
b11101 (
1"
#605000
b11110 $
b11110 #
b11110 %
#610000
0"
#620000
b10111 !
b10111 &
b11110 '
b11110 (
1"
#625000
b11111 $
b11111 #
b11111 %
#630000
0"
#640000
b11000 !
b11000 &
b11111 '
b11111 (
1"
#645000
b100000 $
b100000 #
b100000 %
#650000
0"
#660000
b100000 '
b100000 (
1"
#665000
b100001 $
b100001 #
b100001 %
#670000
0"
#680000
b11001 !
b11001 &
b100001 '
b100001 (
1"
#685000
b100010 $
b100010 #
b100010 %
#690000
0"
#700000
b11010 !
b11010 &
b100010 '
b100010 (
1"
#705000
b100011 $
b100011 #
b100011 %
#710000
0"
#720000
b11011 !
b11011 &
b100011 '
b100011 (
1"
#725000
b100100 $
b100100 #
b100100 %
#730000
0"
#740000
b100100 '
b100100 (
1"
#745000
b100101 $
b100101 #
b100101 %
#750000
0"
#760000
b11100 !
b11100 &
b100101 '
b100101 (
1"
#765000
b100110 $
b100110 #
b100110 %
#770000
0"
#780000
b11101 !
b11101 &
b100110 '
b100110 (
1"
#785000
b100111 $
b100111 #
b100111 %
#790000
0"
#800000
b11110 !
b11110 &
b100111 '
b100111 (
1"
#805000
b101000 $
b101000 #
b101000 %
#810000
0"
#820000
b101000 '
b101000 (
1"
#825000
b101001 $
b101001 #
b101001 %
#830000
0"
#840000
b11111 !
b11111 &
b101001 '
b101001 (
1"
#845000
b101010 $
b101010 #
b101010 %
#850000
0"
#860000
b100000 !
b100000 &
b101010 '
b101010 (
1"
#865000
b101011 $
b101011 #
b101011 %
#870000
0"
#880000
b100001 !
b100001 &
b101011 '
b101011 (
1"
#885000
b101100 $
b101100 #
b101100 %
#890000
0"
#900000
b101100 '
b101100 (
1"
#905000
b101101 $
b101101 #
b101101 %
#910000
0"
#920000
b100010 !
b100010 &
b101101 '
b101101 (
1"
#925000
b101110 $
b101110 #
b101110 %
#930000
0"
#940000
b100011 !
b100011 &
b101110 '
b101110 (
1"
#945000
b101111 $
b101111 #
b101111 %
#950000
0"
#960000
b100100 !
b100100 &
b101111 '
b101111 (
1"
#965000
b110000 $
b110000 #
b110000 %
#970000
0"
#980000
b110000 '
b110000 (
1"
#985000
b110001 $
b110001 #
b110001 %
#990000
0"
#1000000
b100101 !
b100101 &
b110001 '
b110001 (
1"
#1005000
b110010 $
b110010 #
b110010 %
#1010000
0"
#1020000
b100110 !
b100110 &
b110010 '
b110010 (
1"
#1025000
b110011 $
b110011 #
b110011 %
#1030000
0"
#1040000
b100111 !
b100111 &
b110011 '
b110011 (
1"
#1045000
b110100 $
b110100 #
b110100 %
#1050000
0"
#1060000
b110100 '
b110100 (
1"
#1065000
b110101 $
b110101 #
b110101 %
#1070000
0"
#1080000
b101000 !
b101000 &
b110101 '
b110101 (
1"
#1085000
b110110 $
b110110 #
b110110 %
#1090000
0"
#1100000
b101001 !
b101001 &
b110110 '
b110110 (
1"
#1105000
b110111 $
b110111 #
b110111 %
#1110000
0"
#1120000
b101010 !
b101010 &
b110111 '
b110111 (
1"
#1125000
b111000 $
b111000 #
b111000 %
#1130000
0"
#1140000
b111000 '
b111000 (
1"
#1145000
b111001 $
b111001 #
b111001 %
#1150000
0"
#1160000
b101011 !
b101011 &
b111001 '
b111001 (
1"
#1165000
b111010 $
b111010 #
b111010 %
#1170000
0"
#1180000
b101100 !
b101100 &
b111010 '
b111010 (
1"
#1185000
b111011 $
b111011 #
b111011 %
#1190000
0"
#1200000
b111011 '
b111011 (
1"
#1205000
b111100 $
b111100 #
b111100 %
#1210000
0"
#1220000
b101101 !
b101101 &
b111100 '
b111100 (
1"
#1225000
b111101 $
b111101 #
b111101 %
#1230000
0"
#1240000
b101110 !
b101110 &
b111101 '
b111101 (
1"
#1245000
b111110 $
b111110 #
b111110 %
#1250000
0"
#1260000
b101111 !
b101111 &
b111110 '
b111110 (
1"
#1265000
b111111 $
b111111 #
b111111 %
#1270000
0"
#1280000
b111111 '
b111111 (
1"
#1285000
b1000000 $
b1000000 #
b1000000 %
#1290000
0"
#1300000
b110000 !
b110000 &
b1000000 '
b1000000 (
1"
#1305000
b1000001 $
b1000001 #
b1000001 %
#1310000
0"
#1320000
b110001 !
b110001 &
b1000001 '
b1000001 (
1"
#1325000
b1000010 $
b1000010 #
b1000010 %
#1330000
0"
#1340000
b110010 !
b110010 &
b1000010 '
b1000010 (
1"
#1345000
b1000011 $
b1000011 #
b1000011 %
#1350000
0"
#1360000
b1000011 '
b1000011 (
1"
#1365000
b1000100 $
b1000100 #
b1000100 %
#1370000
0"
#1380000
b110011 !
b110011 &
b1000100 '
b1000100 (
1"
#1385000
b1000101 $
b1000101 #
b1000101 %
#1390000
0"
#1400000
b110100 !
b110100 &
b1000101 '
b1000101 (
1"
#1405000
b1000110 $
b1000110 #
b1000110 %
#1410000
0"
#1420000
b1000110 '
b1000110 (
1"
#1425000
b1000111 $
b1000111 #
b1000111 %
#1430000
0"
#1440000
b110101 !
b110101 &
b1000111 '
b1000111 (
1"
#1445000
b1001000 $
b1001000 #
b1001000 %
#1450000
0"
#1460000
b110110 !
b110110 &
b1001000 '
b1001000 (
1"
#1465000
b1001001 $
b1001001 #
b1001001 %
#1470000
0"
#1480000
b110111 !
b110111 &
b1001001 '
b1001001 (
1"
#1485000
b1001010 $
b1001010 #
b1001010 %
#1490000
0"
#1500000
b1001010 '
b1001010 (
1"
#1505000
b1001011 $
b1001011 #
b1001011 %
#1510000
0"
#1520000
b111000 !
b111000 &
b1001011 '
b1001011 (
1"
#1525000
b1001100 $
b1001100 #
b1001100 %
#1530000
0"
#1540000
b111001 !
b111001 &
b1001100 '
b1001100 (
1"
#1545000
b1001101 $
b1001101 #
b1001101 %
#1550000
0"
#1560000
b1001101 '
b1001101 (
1"
#1565000
b1001110 $
b1001110 #
b1001110 %
#1570000
0"
#1580000
b111010 !
b111010 &
b1001110 '
b1001110 (
1"
#1585000
b1001111 $
b1001111 #
b1001111 %
#1590000
0"
#1600000
b111011 !
b111011 &
b1001111 '
b1001111 (
1"
#1605000
b1010000 $
b1010000 #
b1010000 %
#1610000
0"
#1620000
b1010000 '
b1010000 (
1"
#1625000
b1010001 $
b1010001 #
b1010001 %
#1630000
0"
#1640000
b111100 !
b111100 &
b1010001 '
b1010001 (
1"
#1645000
b1010010 $
b1010010 #
b1010010 %
#1650000
0"
#1660000
b111101 !
b111101 &
b1010010 '
b1010010 (
1"
#1665000
b1010011 $
b1010011 #
b1010011 %
#1670000
0"
#1680000
b1010011 '
b1010011 (
1"
#1685000
b1010100 $
b1010100 #
b1010100 %
#1690000
0"
#1700000
b111110 !
b111110 &
b1010100 '
b1010100 (
1"
#1705000
b1010101 $
b1010101 #
b1010101 %
#1710000
0"
#1720000
b111111 !
b111111 &
b1010101 '
b1010101 (
1"
#1725000
b1010110 $
b1010110 #
b1010110 %
#1730000
0"
#1740000
b1010110 '
b1010110 (
1"
#1745000
b1010111 $
b1010111 #
b1010111 %
#1750000
0"
#1760000
b1000000 !
b1000000 &
b1010111 '
b1010111 (
1"
#1765000
b1011000 $
b1011000 #
b1011000 %
#1770000
0"
#1780000
b1000001 !
b1000001 &
b1011000 '
b1011000 (
1"
#1785000
b1011001 $
b1011001 #
b1011001 %
#1790000
0"
#1800000
b1011001 '
b1011001 (
1"
#1805000
b1011010 $
b1011010 #
b1011010 %
#1810000
0"
#1820000
b1000010 !
b1000010 &
b1011010 '
b1011010 (
1"
#1825000
b1011011 $
b1011011 #
b1011011 %
#1830000
0"
#1840000
b1000011 !
b1000011 &
b1011011 '
b1011011 (
1"
#1845000
b1011100 $
b1011100 #
b1011100 %
#1850000
0"
#1860000
b1011100 '
b1011100 (
1"
#1865000
b1011101 $
b1011101 #
b1011101 %
#1870000
0"
#1880000
b1000100 !
b1000100 &
b1011101 '
b1011101 (
1"
#1885000
b1011110 $
b1011110 #
b1011110 %
#1890000
0"
#1900000
b1000101 !
b1000101 &
b1011110 '
b1011110 (
1"
#1905000
b1011111 $
b1011111 #
b1011111 %
#1910000
0"
#1920000
b1011111 '
b1011111 (
1"
#1925000
b1100000 $
b1100000 #
b1100000 %
#1930000
0"
#1940000
b1000110 !
b1000110 &
b1100000 '
b1100000 (
1"
#1945000
b1100001 $
b1100001 #
b1100001 %
#1950000
0"
#1960000
b1000111 !
b1000111 &
b1100001 '
b1100001 (
1"
#1965000
b1100010 $
b1100010 #
b1100010 %
#1970000
0"
#1980000
b1100010 '
b1100010 (
1"
#1985000
b1100011 $
b1100011 #
b1100011 %
#1990000
0"
#2000000
b1001000 !
b1001000 &
b1100011 '
b1100011 (
1"
#2005000
b1100100 $
b1100100 #
b1100100 %
#2010000
0"
#2020000
b1001001 !
b1001001 &
b1100100 '
b1100100 (
1"
#2025000
b1100101 $
b1100101 #
b1100101 %
#2030000
0"
#2040000
b1100101 '
b1100101 (
1"
#2045000
b1100110 $
b1100110 #
b1100110 %
#2050000
0"
#2060000
b1001010 !
b1001010 &
b1100110 '
b1100110 (
1"
#2065000
b1100111 $
b1100111 #
b1100111 %
#2070000
0"
#2080000
b1001011 !
b1001011 &
b1100111 '
b1100111 (
1"
#2085000
b1101000 $
b1101000 #
b1101000 %
#2090000
0"
#2100000
b1101000 '
b1101000 (
1"
#2105000
b1101001 $
b1101001 #
b1101001 %
#2110000
0"
#2120000
b1001100 !
b1001100 &
b1101001 '
b1101001 (
1"
#2125000
b1101010 $
b1101010 #
b1101010 %
#2130000
0"
#2140000
b1101010 '
b1101010 (
1"
#2145000
b1101011 $
b1101011 #
b1101011 %
#2150000
0"
#2160000
b1001101 !
b1001101 &
b1101011 '
b1101011 (
1"
#2165000
b1101100 $
b1101100 #
b1101100 %
#2170000
0"
#2180000
b1001110 !
b1001110 &
b1101100 '
b1101100 (
1"
#2185000
b1101101 $
b1101101 #
b1101101 %
#2190000
0"
#2200000
b1101101 '
b1101101 (
1"
#2205000
b1101110 $
b1101110 #
b1101110 %
#2210000
0"
#2220000
b1001111 !
b1001111 &
b1101110 '
b1101110 (
1"
#2225000
b1101111 $
b1101111 #
b1101111 %
#2230000
0"
#2240000
b1101111 '
b1101111 (
1"
#2245000
b1110000 $
b1110000 #
b1110000 %
#2250000
0"
#2260000
b1010000 !
b1010000 &
b1110000 '
b1110000 (
1"
#2265000
b1110001 $
b1110001 #
b1110001 %
#2270000
0"
#2280000
b1010001 !
b1010001 &
b1110001 '
b1110001 (
1"
#2285000
b1110010 $
b1110010 #
b1110010 %
#2290000
0"
#2300000
b1110010 '
b1110010 (
1"
#2305000
b1110011 $
b1110011 #
b1110011 %
#2310000
0"
#2320000
b1010010 !
b1010010 &
b1110011 '
b1110011 (
1"
#2325000
b1110100 $
b1110100 #
b1110100 %
#2330000
0"
#2340000
b1110100 '
b1110100 (
1"
#2345000
b1110101 $
b1110101 #
b1110101 %
#2350000
0"
#2360000
b1010011 !
b1010011 &
b1110101 '
b1110101 (
1"
#2365000
b1110110 $
b1110110 #
b1110110 %
#2370000
0"
#2380000
b1010100 !
b1010100 &
b1110110 '
b1110110 (
1"
#2385000
b1110111 $
b1110111 #
b1110111 %
#2390000
0"
#2400000
b1110111 '
b1110111 (
1"
#2405000
b1111000 $
b1111000 #
b1111000 %
#2410000
0"
#2420000
b1010101 !
b1010101 &
b1111000 '
b1111000 (
1"
#2425000
b1111001 $
b1111001 #
b1111001 %
#2430000
0"
#2440000
b1111001 '
b1111001 (
1"
#2445000
b1111010 $
b1111010 #
b1111010 %
#2450000
0"
#2460000
b1010110 !
b1010110 &
b1111010 '
b1111010 (
1"
#2465000
b1111011 $
b1111011 #
b1111011 %
#2470000
0"
#2480000
b1010111 !
b1010111 &
b1111011 '
b1111011 (
1"
#2485000
b1111100 $
b1111100 #
b1111100 %
#2490000
0"
#2500000
b1111100 '
b1111100 (
1"
#2505000
b1111101 $
b1111101 #
b1111101 %
#2510000
0"
#2520000
b1011000 !
b1011000 &
b1111101 '
b1111101 (
1"
#2525000
b1111110 $
b1111110 #
b1111110 %
#2530000
0"
#2540000
b1111110 '
b1111110 (
1"
#2545000
b1111111 $
b1111111 #
b1111111 %
#2550000
0"
#2560000
b1011001 !
b1011001 &
b1111111 '
b1111111 (
1"
#2565000
b10000000 $
b10000000 #
b10000000 %
#2570000
0"
#2580000
b10000000 '
b10000000 (
1"
#2585000
b10000001 $
b10000001 #
b10000001 %
#2590000
0"
#2600000
b1011010 !
b1011010 &
b10000001 '
b10000001 (
1"
#2605000
b10000010 $
b10000010 #
b10000010 %
#2610000
0"
#2620000
b10000010 '
b10000010 (
1"
#2625000
b10000011 $
b10000011 #
b10000011 %
#2630000
0"
#2640000
b1011011 !
b1011011 &
b10000011 '
b10000011 (
1"
#2645000
b10000100 $
b10000100 #
b10000100 %
#2650000
0"
#2660000
b10000100 '
b10000100 (
1"
#2665000
b10000101 $
b10000101 #
b10000101 %
#2670000
0"
#2680000
b1011100 !
b1011100 &
b10000101 '
b10000101 (
1"
#2685000
b10000110 $
b10000110 #
b10000110 %
#2690000
0"
#2700000
b1011101 !
b1011101 &
b10000110 '
b10000110 (
1"
#2705000
b10000111 $
b10000111 #
b10000111 %
#2710000
0"
#2720000
b10000111 '
b10000111 (
1"
#2725000
b10001000 $
b10001000 #
b10001000 %
#2730000
0"
#2740000
b1011110 !
b1011110 &
b10001000 '
b10001000 (
1"
#2745000
b10001001 $
b10001001 #
b10001001 %
#2750000
0"
#2760000
b10001001 '
b10001001 (
1"
#2765000
b10001010 $
b10001010 #
b10001010 %
#2770000
0"
#2780000
b1011111 !
b1011111 &
b10001010 '
b10001010 (
1"
#2785000
b10001011 $
b10001011 #
b10001011 %
#2790000
0"
#2800000
b10001011 '
b10001011 (
1"
#2805000
b10001100 $
b10001100 #
b10001100 %
#2810000
0"
#2820000
b1100000 !
b1100000 &
b10001100 '
b10001100 (
1"
#2825000
b10001101 $
b10001101 #
b10001101 %
#2830000
0"
#2840000
b10001101 '
b10001101 (
1"
#2845000
b10001110 $
b10001110 #
b10001110 %
#2850000
0"
#2860000
b1100001 !
b1100001 &
b10001110 '
b10001110 (
1"
#2865000
b10001111 $
b10001111 #
b10001111 %
#2870000
0"
#2880000
b10001111 '
b10001111 (
1"
#2885000
b10010000 $
b10010000 #
b10010000 %
#2890000
0"
#2900000
b1100010 !
b1100010 &
b10010000 '
b10010000 (
1"
#2905000
b10010001 $
b10010001 #
b10010001 %
#2910000
0"
#2920000
b10010001 '
b10010001 (
1"
#2925000
b10010010 $
b10010010 #
b10010010 %
#2930000
0"
#2940000
b1100011 !
b1100011 &
b10010010 '
b10010010 (
1"
#2945000
b10010011 $
b10010011 #
b10010011 %
#2950000
0"
#2960000
b10010011 '
b10010011 (
1"
#2965000
b10010100 $
b10010100 #
b10010100 %
#2970000
0"
#2980000
b1100100 !
b1100100 &
b10010100 '
b10010100 (
1"
#2985000
b10010101 $
b10010101 #
b10010101 %
#2990000
0"
#3000000
b10010101 '
b10010101 (
1"
#3005000
b10010110 $
b10010110 #
b10010110 %
#3010000
0"
#3020000
b1100101 !
b1100101 &
b10010110 '
b10010110 (
1"
#3025000
b10010111 $
b10010111 #
b10010111 %
#3030000
0"
#3040000
b10010111 '
b10010111 (
1"
#3045000
b10011000 $
b10011000 #
b10011000 %
#3050000
0"
#3060000
b1100110 !
b1100110 &
b10011000 '
b10011000 (
1"
#3065000
b10011001 $
b10011001 #
b10011001 %
#3070000
0"
#3080000
b10011001 '
b10011001 (
1"
#3085000
b10011010 $
b10011010 #
b10011010 %
#3090000
0"
#3100000
b10011010 '
b10011010 (
1"
#3105000
b10011011 $
b10011011 #
b10011011 %
#3110000
0"
#3120000
b1100111 !
b1100111 &
b10011011 '
b10011011 (
1"
#3125000
b10011100 $
b10011100 #
b10011100 %
#3130000
0"
#3140000
b10011100 '
b10011100 (
1"
#3145000
b10011101 $
b10011101 #
b10011101 %
#3150000
0"
#3160000
b1101000 !
b1101000 &
b10011101 '
b10011101 (
1"
#3165000
b10011110 $
b10011110 #
b10011110 %
#3170000
0"
#3180000
b10011110 '
b10011110 (
1"
#3185000
b10011111 $
b10011111 #
b10011111 %
#3190000
0"
#3200000
b1101001 !
b1101001 &
b10011111 '
b10011111 (
1"
#3205000
b10100000 $
b10100000 #
b10100000 %
#3210000
0"
#3220000
b10100000 '
b10100000 (
1"
#3225000
b10100001 $
b10100001 #
b10100001 %
#3230000
0"
#3240000
b1101010 !
b1101010 &
b10100001 '
b10100001 (
1"
#3245000
b10100010 $
b10100010 #
b10100010 %
#3250000
0"
#3260000
b10100010 '
b10100010 (
1"
#3265000
b10100011 $
b10100011 #
b10100011 %
#3270000
0"
#3280000
b10100011 '
b10100011 (
1"
#3285000
b10100100 $
b10100100 #
b10100100 %
#3290000
0"
#3300000
b1101011 !
b1101011 &
b10100100 '
b10100100 (
1"
#3305000
b10100101 $
b10100101 #
b10100101 %
#3310000
0"
#3320000
b10100101 '
b10100101 (
1"
#3325000
b10100110 $
b10100110 #
b10100110 %
#3330000
0"
#3340000
b1101100 !
b1101100 &
b10100110 '
b10100110 (
1"
#3345000
b10100111 $
b10100111 #
b10100111 %
#3350000
0"
#3360000
b10100111 '
b10100111 (
1"
#3365000
b10101000 $
b10101000 #
b10101000 %
#3370000
0"
#3380000
b10101000 '
b10101000 (
1"
#3385000
b10101001 $
b10101001 #
b10101001 %
#3390000
0"
#3400000
b1101101 !
b1101101 &
b10101001 '
b10101001 (
1"
#3405000
b10101010 $
b10101010 #
b10101010 %
#3410000
0"
#3420000
b10101010 '
b10101010 (
1"
#3425000
b10101011 $
b10101011 #
b10101011 %
#3430000
0"
#3440000
b1101110 !
b1101110 &
b10101011 '
b10101011 (
1"
#3445000
b10101100 $
b10101100 #
b10101100 %
#3450000
0"
#3460000
b10101100 '
b10101100 (
1"
#3465000
b10101101 $
b10101101 #
b10101101 %
#3470000
0"
#3480000
b10101101 '
b10101101 (
1"
#3485000
b10101110 $
b10101110 #
b10101110 %
#3490000
0"
#3500000
b1101111 !
b1101111 &
b10101110 '
b10101110 (
1"
#3505000
b10101111 $
b10101111 #
b10101111 %
#3510000
0"
#3520000
b10101111 '
b10101111 (
1"
#3525000
b10110000 $
b10110000 #
b10110000 %
#3530000
0"
#3540000
b1110000 !
b1110000 &
b10110000 '
b10110000 (
1"
#3545000
b10110001 $
b10110001 #
b10110001 %
#3550000
0"
#3560000
b10110001 '
b10110001 (
1"
#3565000
b10110010 $
b10110010 #
b10110010 %
#3570000
0"
#3580000
b10110010 '
b10110010 (
1"
#3585000
b10110011 $
b10110011 #
b10110011 %
#3590000
0"
#3600000
b1110001 !
b1110001 &
b10110011 '
b10110011 (
1"
#3605000
b10110100 $
b10110100 #
b10110100 %
#3610000
0"
#3620000
b10110100 '
b10110100 (
1"
#3625000
b10110101 $
b10110101 #
b10110101 %
#3630000
0"
#3640000
b10110101 '
b10110101 (
1"
#3645000
b10110110 $
b10110110 #
b10110110 %
#3650000
0"
#3660000
b1110010 !
b1110010 &
b10110110 '
b10110110 (
1"
#3665000
b10110111 $
b10110111 #
b10110111 %
#3670000
0"
#3680000
b10110111 '
b10110111 (
1"
#3685000
b10111000 $
b10111000 #
b10111000 %
#3690000
0"
#3700000
b10111000 '
b10111000 (
1"
#3705000
b10111001 $
b10111001 #
b10111001 %
#3710000
0"
#3720000
b1110011 !
b1110011 &
b10111001 '
b10111001 (
1"
#3725000
b10111010 $
b10111010 #
b10111010 %
#3730000
0"
#3740000
b10111010 '
b10111010 (
1"
#3745000
b10111011 $
b10111011 #
b10111011 %
#3750000
0"
#3760000
b10111011 '
b10111011 (
1"
#3765000
b10111100 $
b10111100 #
b10111100 %
#3770000
0"
#3780000
b1110100 !
b1110100 &
b10111100 '
b10111100 (
1"
#3785000
b10111101 $
b10111101 #
b10111101 %
#3790000
0"
#3800000
b10111101 '
b10111101 (
1"
#3805000
b10111110 $
b10111110 #
b10111110 %
#3810000
0"
#3820000
b10111110 '
b10111110 (
1"
#3825000
b10111111 $
b10111111 #
b10111111 %
#3830000
0"
#3840000
b1110101 !
b1110101 &
b10111111 '
b10111111 (
1"
#3845000
b11000000 $
b11000000 #
b11000000 %
#3850000
0"
#3860000
b11000000 '
b11000000 (
1"
#3865000
b11000001 $
b11000001 #
b11000001 %
#3870000
0"
#3880000
b11000001 '
b11000001 (
1"
#3885000
b11000010 $
b11000010 #
b11000010 %
#3890000
0"
#3900000
b11000010 '
b11000010 (
1"
#3905000
b11000011 $
b11000011 #
b11000011 %
#3910000
0"
#3920000
b1110110 !
b1110110 &
b11000011 '
b11000011 (
1"
#3925000
b11000100 $
b11000100 #
b11000100 %
#3930000
0"
#3940000
b11000100 '
b11000100 (
1"
#3945000
b11000101 $
b11000101 #
b11000101 %
#3950000
0"
#3960000
b11000101 '
b11000101 (
1"
#3965000
b11000110 $
b11000110 #
b11000110 %
#3970000
0"
#3980000
b1110111 !
b1110111 &
b11000110 '
b11000110 (
1"
#3985000
b11000111 $
b11000111 #
b11000111 %
#3990000
0"
#4000000
b11000111 '
b11000111 (
1"
#4005000
b11001000 $
b11001000 #
b11001000 %
#4010000
0"
#4020000
b11001000 '
b11001000 (
1"
#4025000
b11001001 $
b11001001 #
b11001001 %
#4030000
0"
#4040000
b11001001 '
b11001001 (
1"
#4045000
b11001010 $
b11001010 #
b11001010 %
#4050000
0"
#4060000
b1111000 !
b1111000 &
b11001010 '
b11001010 (
1"
#4065000
b11001011 $
b11001011 #
b11001011 %
#4070000
0"
#4080000
b11001011 '
b11001011 (
1"
#4085000
b11001100 $
b11001100 #
b11001100 %
#4090000
0"
#4100000
b11001100 '
b11001100 (
1"
#4105000
b11001101 $
b11001101 #
b11001101 %
#4110000
0"
#4120000
b11001101 '
b11001101 (
1"
#4125000
b11001110 $
b11001110 #
b11001110 %
#4130000
0"
#4140000
b1111001 !
b1111001 &
b11001110 '
b11001110 (
1"
#4145000
b11001111 $
b11001111 #
b11001111 %
#4150000
0"
#4160000
b11001111 '
b11001111 (
1"
#4165000
b11010000 $
b11010000 #
b11010000 %
#4170000
0"
#4180000
b11010000 '
b11010000 (
1"
#4185000
b11010001 $
b11010001 #
b11010001 %
#4190000
0"
#4200000
b11010001 '
b11010001 (
1"
#4205000
b11010010 $
b11010010 #
b11010010 %
#4210000
0"
#4220000
b11010010 '
b11010010 (
1"
#4225000
b11010011 $
b11010011 #
b11010011 %
#4230000
0"
#4240000
b1111010 !
b1111010 &
b11010011 '
b11010011 (
1"
#4245000
b11010100 $
b11010100 #
b11010100 %
#4250000
0"
#4260000
b11010100 '
b11010100 (
1"
#4265000
b11010101 $
b11010101 #
b11010101 %
#4270000
0"
#4280000
b11010101 '
b11010101 (
1"
#4285000
b11010110 $
b11010110 #
b11010110 %
#4290000
0"
#4300000
b11010110 '
b11010110 (
1"
#4305000
b11010111 $
b11010111 #
b11010111 %
#4310000
0"
#4320000
b1111011 !
b1111011 &
b11010111 '
b11010111 (
1"
#4325000
b11011000 $
b11011000 #
b11011000 %
#4330000
0"
#4340000
b11011000 '
b11011000 (
1"
#4345000
b11011001 $
b11011001 #
b11011001 %
#4350000
0"
#4360000
b11011001 '
b11011001 (
1"
#4365000
b11011010 $
b11011010 #
b11011010 %
#4370000
0"
#4380000
b11011010 '
b11011010 (
1"
#4385000
b11011011 $
b11011011 #
b11011011 %
#4390000
0"
#4400000
b11011011 '
b11011011 (
1"
#4405000
b11011100 $
b11011100 #
b11011100 %
#4410000
0"
#4420000
b11011100 '
b11011100 (
1"
#4425000
b11011101 $
b11011101 #
b11011101 %
#4430000
0"
#4440000
b1111100 !
b1111100 &
b11011101 '
b11011101 (
1"
#4445000
b11011110 $
b11011110 #
b11011110 %
#4450000
0"
#4460000
b11011110 '
b11011110 (
1"
#4465000
b11011111 $
b11011111 #
b11011111 %
#4470000
0"
#4480000
b11011111 '
b11011111 (
1"
#4485000
b11100000 $
b11100000 #
b11100000 %
#4490000
0"
#4500000
b11100000 '
b11100000 (
1"
#4505000
b11100001 $
b11100001 #
b11100001 %
#4510000
0"
#4520000
b11100001 '
b11100001 (
1"
#4525000
b11100010 $
b11100010 #
b11100010 %
#4530000
0"
#4540000
b11100010 '
b11100010 (
1"
#4545000
b11100011 $
b11100011 #
b11100011 %
#4550000
0"
#4560000
b11100011 '
b11100011 (
1"
#4565000
b11100100 $
b11100100 #
b11100100 %
#4570000
0"
#4580000
b1111101 !
b1111101 &
b11100100 '
b11100100 (
1"
#4585000
b11100101 $
b11100101 #
b11100101 %
#4590000
0"
#4600000
b11100101 '
b11100101 (
1"
#4605000
b11100110 $
b11100110 #
b11100110 %
#4610000
0"
#4620000
b11100110 '
b11100110 (
1"
#4625000
b11100111 $
b11100111 #
b11100111 %
#4630000
0"
#4640000
b11100111 '
b11100111 (
1"
#4645000
b11101000 $
b11101000 #
b11101000 %
#4650000
0"
#4660000
b11101000 '
b11101000 (
1"
#4665000
b11101001 $
b11101001 #
b11101001 %
#4670000
0"
#4680000
b11101001 '
b11101001 (
1"
#4685000
b11101010 $
b11101010 #
b11101010 %
#4690000
0"
#4700000
b11101010 '
b11101010 (
1"
#4705000
b11101011 $
b11101011 #
b11101011 %
#4710000
0"
#4720000
b11101011 '
b11101011 (
1"
#4725000
b11101100 $
b11101100 #
b11101100 %
#4730000
0"
#4740000
b1111110 !
b1111110 &
b11101100 '
b11101100 (
1"
#4745000
b11101101 $
b11101101 #
b11101101 %
#4750000
0"
#4760000
b11101101 '
b11101101 (
1"
#4765000
b11101110 $
b11101110 #
b11101110 %
#4770000
0"
#4780000
b11101110 '
b11101110 (
1"
#4785000
b11101111 $
b11101111 #
b11101111 %
#4790000
0"
#4800000
b11101111 '
b11101111 (
1"
#4805000
b11110000 $
b11110000 #
b11110000 %
#4810000
0"
#4820000
b11110000 '
b11110000 (
1"
#4825000
b11110001 $
b11110001 #
b11110001 %
#4830000
0"
#4840000
b11110001 '
b11110001 (
1"
#4845000
b11110010 $
b11110010 #
b11110010 %
#4850000
0"
#4860000
b11110010 '
b11110010 (
1"
#4865000
b11110011 $
b11110011 #
b11110011 %
#4870000
0"
#4880000
b11110011 '
b11110011 (
1"
#4885000
b11110100 $
b11110100 #
b11110100 %
#4890000
0"
#4900000
b11110100 '
b11110100 (
1"
#4905000
b11110101 $
b11110101 #
b11110101 %
#4910000
0"
#4920000
b11110101 '
b11110101 (
1"
#4925000
b11110110 $
b11110110 #
b11110110 %
#4930000
0"
#4940000
b11110110 '
b11110110 (
1"
#4945000
b11110111 $
b11110111 #
b11110111 %
#4950000
0"
#4960000
b11110111 '
b11110111 (
1"
#4965000
b11111000 $
b11111000 #
b11111000 %
#4970000
0"
#4980000
b11111000 '
b11111000 (
1"
#4985000
b11111001 $
b11111001 #
b11111001 %
#4990000
0"
#5000000
b11111001 '
b11111001 (
1"
#5005000
b11111010 $
b11111010 #
b11111010 %
#5010000
0"
#5020000
b11111010 '
b11111010 (
1"
#5025000
b11111011 $
b11111011 #
b11111011 %
#5030000
0"
#5040000
b11111011 '
b11111011 (
1"
#5045000
b11111100 $
b11111100 #
b11111100 %
#5050000
0"
#5060000
b11111100 '
b11111100 (
1"
#5065000
b11111101 $
b11111101 #
b11111101 %
#5070000
0"
#5080000
b11111101 '
b11111101 (
1"
#5085000
b11111110 $
b11111110 #
b11111110 %
#5090000
0"
#5100000
b11111110 '
b11111110 (
1"
#5105000
b11111111 $
b11111111 #
b11111111 %
#5110000
0"
#5120000
b11111111 '
b11111111 (
1"
#5125000
b100000000 $
b100000000 #
b100000000 %
#5130000
0"
#5140000
1"
#5145000
b100000001 $
b100000001 #
b100000001 %
#5150000
0"
#5160000
b11111110 '
b11111110 (
1"
#5165000
b100000010 $
b100000010 #
b100000010 %
#5170000
0"
#5180000
b11111101 '
b11111101 (
1"
#5185000
b100000011 $
b100000011 #
b100000011 %
#5190000
0"
#5200000
b11111100 '
b11111100 (
1"
#5205000
b100000100 $
b100000100 #
b100000100 %
#5210000
0"
#5220000
b11111011 '
b11111011 (
1"
#5225000
b100000101 $
b100000101 #
b100000101 %
#5230000
0"
#5240000
b11111010 '
b11111010 (
1"
#5245000
b100000110 $
b100000110 #
b100000110 %
#5250000
0"
#5260000
b11111001 '
b11111001 (
1"
#5265000
b100000111 $
b100000111 #
b100000111 %
#5270000
0"
#5280000
b11111000 '
b11111000 (
1"
#5285000
b100001000 $
b100001000 #
b100001000 %
#5290000
0"
#5300000
b11110111 '
b11110111 (
1"
#5305000
b100001001 $
b100001001 #
b100001001 %
#5310000
0"
#5320000
b11110110 '
b11110110 (
1"
#5325000
b100001010 $
b100001010 #
b100001010 %
#5330000
0"
#5340000
b11110101 '
b11110101 (
1"
#5345000
b100001011 $
b100001011 #
b100001011 %
#5350000
0"
#5360000
b11110100 '
b11110100 (
1"
#5365000
b100001100 $
b100001100 #
b100001100 %
#5370000
0"
#5380000
b11110011 '
b11110011 (
1"
#5385000
b100001101 $
b100001101 #
b100001101 %
#5390000
0"
#5400000
b11110010 '
b11110010 (
1"
#5405000
b100001110 $
b100001110 #
b100001110 %
#5410000
0"
#5420000
b11110001 '
b11110001 (
1"
#5425000
b100001111 $
b100001111 #
b100001111 %
#5430000
0"
#5440000
b11110000 '
b11110000 (
1"
#5445000
b100010000 $
b100010000 #
b100010000 %
#5450000
0"
#5460000
b11101111 '
b11101111 (
1"
#5465000
b100010001 $
b100010001 #
b100010001 %
#5470000
0"
#5480000
b11101110 '
b11101110 (
1"
#5485000
b100010010 $
b100010010 #
b100010010 %
#5490000
0"
#5500000
b11101101 '
b11101101 (
1"
#5505000
b100010011 $
b100010011 #
b100010011 %
#5510000
0"
#5520000
b11101100 '
b11101100 (
1"
#5525000
b100010100 $
b100010100 #
b100010100 %
#5530000
0"
#5540000
b1111101 !
b1111101 &
b11101011 '
b11101011 (
1"
#5545000
b100010101 $
b100010101 #
b100010101 %
#5550000
0"
#5560000
b11101010 '
b11101010 (
1"
#5565000
b100010110 $
b100010110 #
b100010110 %
#5570000
0"
#5580000
b11101001 '
b11101001 (
1"
#5585000
b100010111 $
b100010111 #
b100010111 %
#5590000
0"
#5600000
b11101000 '
b11101000 (
1"
#5605000
b100011000 $
b100011000 #
b100011000 %
#5610000
0"
#5620000
b11100111 '
b11100111 (
1"
#5625000
b100011001 $
b100011001 #
b100011001 %
#5630000
0"
#5640000
b11100110 '
b11100110 (
1"
#5645000
b100011010 $
b100011010 #
b100011010 %
#5650000
0"
#5660000
b11100101 '
b11100101 (
1"
#5665000
b100011011 $
b100011011 #
b100011011 %
#5670000
0"
#5680000
b11100100 '
b11100100 (
1"
#5685000
b100011100 $
b100011100 #
b100011100 %
#5690000
0"
#5700000
b1111100 !
b1111100 &
b11100011 '
b11100011 (
1"
#5705000
b100011101 $
b100011101 #
b100011101 %
#5710000
0"
#5720000
b11100010 '
b11100010 (
1"
#5725000
b100011110 $
b100011110 #
b100011110 %
#5730000
0"
#5740000
b11100001 '
b11100001 (
1"
#5745000
b100011111 $
b100011111 #
b100011111 %
#5750000
0"
#5760000
b11100000 '
b11100000 (
1"
#5765000
b100100000 $
b100100000 #
b100100000 %
#5770000
0"
#5780000
b11011111 '
b11011111 (
1"
#5785000
b100100001 $
b100100001 #
b100100001 %
#5790000
0"
#5800000
b11011110 '
b11011110 (
1"
#5805000
b100100010 $
b100100010 #
b100100010 %
#5810000
0"
#5820000
b11011101 '
b11011101 (
1"
#5825000
b100100011 $
b100100011 #
b100100011 %
#5830000
0"
#5840000
b1111011 !
b1111011 &
b11011100 '
b11011100 (
1"
#5845000
b100100100 $
b100100100 #
b100100100 %
#5850000
0"
#5860000
b11011011 '
b11011011 (
1"
#5865000
b100100101 $
b100100101 #
b100100101 %
#5870000
0"
#5880000
b11011010 '
b11011010 (
1"
#5885000
b100100110 $
b100100110 #
b100100110 %
#5890000
0"
#5900000
b11011001 '
b11011001 (
1"
#5905000
b100100111 $
b100100111 #
b100100111 %
#5910000
0"
#5920000
b11011000 '
b11011000 (
1"
#5925000
b100101000 $
b100101000 #
b100101000 %
#5930000
0"
#5940000
b11010111 '
b11010111 (
1"
#5945000
b100101001 $
b100101001 #
b100101001 %
#5950000
0"
#5960000
b1111010 !
b1111010 &
b11010110 '
b11010110 (
1"
#5965000
b100101010 $
b100101010 #
b100101010 %
#5970000
0"
#5980000
b11010101 '
b11010101 (
1"
#5985000
b100101011 $
b100101011 #
b100101011 %
#5990000
0"
#6000000
b11010100 '
b11010100 (
1"
#6005000
b100101100 $
b100101100 #
b100101100 %
#6010000
0"
#6020000
b11010011 '
b11010011 (
1"
#6025000
b100101101 $
b100101101 #
b100101101 %
#6030000
0"
#6040000
b1111001 !
b1111001 &
b11010010 '
b11010010 (
1"
#6045000
b100101110 $
b100101110 #
b100101110 %
#6050000
0"
#6060000
b11010001 '
b11010001 (
1"
#6065000
b100101111 $
b100101111 #
b100101111 %
#6070000
0"
#6080000
b11010000 '
b11010000 (
1"
#6085000
b100110000 $
b100110000 #
b100110000 %
#6090000
0"
#6100000
b11001111 '
b11001111 (
1"
#6105000
b100110001 $
b100110001 #
b100110001 %
#6110000
0"
#6120000
b11001110 '
b11001110 (
1"
#6125000
b100110010 $
b100110010 #
b100110010 %
#6130000
0"
#6140000
b1111000 !
b1111000 &
b11001101 '
b11001101 (
1"
#6145000
b100110011 $
b100110011 #
b100110011 %
#6150000
0"
#6160000
b11001100 '
b11001100 (
1"
#6165000
b100110100 $
b100110100 #
b100110100 %
#6170000
0"
#6180000
b11001011 '
b11001011 (
1"
#6185000
b100110101 $
b100110101 #
b100110101 %
#6190000
0"
#6200000
b11001010 '
b11001010 (
1"
#6205000
b100110110 $
b100110110 #
b100110110 %
#6210000
0"
#6220000
b1110111 !
b1110111 &
b11001001 '
b11001001 (
1"
#6225000
b100110111 $
b100110111 #
b100110111 %
#6230000
0"
#6240000
b11001000 '
b11001000 (
1"
#6245000
b100111000 $
b100111000 #
b100111000 %
#6250000
0"
#6260000
b11000111 '
b11000111 (
1"
#6265000
b100111001 $
b100111001 #
b100111001 %
#6270000
0"
#6280000
b11000110 '
b11000110 (
1"
#6285000
b100111010 $
b100111010 #
b100111010 %
#6290000
0"
#6300000
b1110110 !
b1110110 &
b11000101 '
b11000101 (
1"
#6305000
b100111011 $
b100111011 #
b100111011 %
#6310000
0"
#6320000
b11000100 '
b11000100 (
1"
#6325000
b100111100 $
b100111100 #
b100111100 %
#6330000
0"
#6340000
b11000011 '
b11000011 (
1"
#6345000
b100111101 $
b100111101 #
b100111101 %
#6350000
0"
#6360000
b1110101 !
b1110101 &
b11000010 '
b11000010 (
1"
#6365000
b100111110 $
b100111110 #
b100111110 %
#6370000
0"
#6380000
b11000001 '
b11000001 (
1"
#6385000
b100111111 $
b100111111 #
b100111111 %
#6390000
0"
#6400000
b11000000 '
b11000000 (
1"
#6405000
b101000000 $
b101000000 #
b101000000 %
#6410000
0"
#6420000
b10111111 '
b10111111 (
1"
#6425000
b101000001 $
b101000001 #
b101000001 %
#6430000
0"
#6440000
b1110100 !
b1110100 &
b10111110 '
b10111110 (
1"
#6445000
b101000010 $
b101000010 #
b101000010 %
#6450000
0"
#6460000
b10111101 '
b10111101 (
1"
#6465000
b101000011 $
b101000011 #
b101000011 %
#6470000
0"
#6480000
b10111100 '
b10111100 (
1"
#6485000
b101000100 $
b101000100 #
b101000100 %
#6490000
0"
#6500000
b1110011 !
b1110011 &
b10111011 '
b10111011 (
1"
#6505000
b101000101 $
b101000101 #
b101000101 %
#6510000
0"
#6520000
b10111010 '
b10111010 (
1"
#6525000
b101000110 $
b101000110 #
b101000110 %
#6530000
0"
#6540000
b10111001 '
b10111001 (
1"
#6545000
b101000111 $
b101000111 #
b101000111 %
#6550000
0"
#6560000
b1110010 !
b1110010 &
b10111000 '
b10111000 (
1"
#6565000
b101001000 $
b101001000 #
b101001000 %
#6570000
0"
#6580000
b10110111 '
b10110111 (
1"
#6585000
b101001001 $
b101001001 #
b101001001 %
#6590000
0"
#6600000
b10110110 '
b10110110 (
1"
#6605000
b101001010 $
b101001010 #
b101001010 %
#6610000
0"
#6620000
b1110001 !
b1110001 &
b10110101 '
b10110101 (
1"
#6625000
b101001011 $
b101001011 #
b101001011 %
#6630000
0"
#6640000
b10110100 '
b10110100 (
1"
#6645000
b101001100 $
b101001100 #
b101001100 %
#6650000
0"
#6660000
b10110011 '
b10110011 (
1"
#6665000
b101001101 $
b101001101 #
b101001101 %
#6670000
0"
#6680000
b1110000 !
b1110000 &
b10110010 '
b10110010 (
1"
#6685000
b101001110 $
b101001110 #
b101001110 %
#6690000
0"
#6700000
b10110001 '
b10110001 (
1"
#6705000
b101001111 $
b101001111 #
b101001111 %
#6710000
0"
#6720000
b10110000 '
b10110000 (
1"
#6725000
b101010000 $
b101010000 #
b101010000 %
#6730000
0"
#6740000
b1101111 !
b1101111 &
b10101111 '
b10101111 (
1"
#6745000
b101010001 $
b101010001 #
b101010001 %
#6750000
0"
#6760000
b10101110 '
b10101110 (
1"
#6765000
b101010010 $
b101010010 #
b101010010 %
#6770000
0"
#6780000
b1101110 !
b1101110 &
b10101101 '
b10101101 (
1"
#6785000
b101010011 $
b101010011 #
b101010011 %
#6790000
0"
#6800000
b10101100 '
b10101100 (
1"
#6805000
b101010100 $
b101010100 #
b101010100 %
#6810000
0"
#6820000
b10101011 '
b10101011 (
1"
#6825000
b101010101 $
b101010101 #
b101010101 %
#6830000
0"
#6840000
b1101101 !
b1101101 &
b10101010 '
b10101010 (
1"
#6845000
b101010110 $
b101010110 #
b101010110 %
#6850000
0"
#6860000
b10101001 '
b10101001 (
1"
#6865000
b101010111 $
b101010111 #
b101010111 %
#6870000
0"
#6880000
b1101100 !
b1101100 &
b10101000 '
b10101000 (
1"
#6885000
b101011000 $
b101011000 #
b101011000 %
#6890000
0"
#6900000
b10100111 '
b10100111 (
1"
#6905000
b101011001 $
b101011001 #
b101011001 %
#6910000
0"
#6920000
b10100110 '
b10100110 (
1"
#6925000
b101011010 $
b101011010 #
b101011010 %
#6930000
0"
#6940000
b1101011 !
b1101011 &
b10100101 '
b10100101 (
1"
#6945000
b101011011 $
b101011011 #
b101011011 %
#6950000
0"
#6960000
b10100100 '
b10100100 (
1"
#6965000
b101011100 $
b101011100 #
b101011100 %
#6970000
0"
#6980000
b1101010 !
b1101010 &
b10100011 '
b10100011 (
1"
#6985000
b101011101 $
b101011101 #
b101011101 %
#6990000
0"
#7000000
b10100010 '
b10100010 (
1"
#7005000
b101011110 $
b101011110 #
b101011110 %
#7010000
0"
#7020000
b10100001 '
b10100001 (
1"
#7025000
b101011111 $
b101011111 #
b101011111 %
#7030000
0"
#7040000
b1101001 !
b1101001 &
b10100000 '
b10100000 (
1"
#7045000
b101100000 $
b101100000 #
b101100000 %
#7050000
0"
#7060000
b10011111 '
b10011111 (
1"
#7065000
b101100001 $
b101100001 #
b101100001 %
#7070000
0"
#7080000
b1101000 !
b1101000 &
b10011110 '
b10011110 (
1"
#7085000
b101100010 $
b101100010 #
b101100010 %
#7090000
0"
#7100000
b10011101 '
b10011101 (
1"
#7105000
b101100011 $
b101100011 #
b101100011 %
#7110000
0"
#7120000
b1100111 !
b1100111 &
b10011100 '
b10011100 (
1"
#7125000
b101100100 $
b101100100 #
b101100100 %
#7130000
0"
#7140000
b10011011 '
b10011011 (
1"
#7145000
b101100101 $
b101100101 #
b101100101 %
#7150000
0"
#7160000
b1100110 !
b1100110 &
b10011010 '
b10011010 (
1"
#7165000
b101100110 $
b101100110 #
b101100110 %
#7170000
0"
#7180000
b10011001 '
b10011001 (
1"
#7185000
b101100111 $
b101100111 #
b101100111 %
#7190000
0"
#7200000
b10011000 '
b10011000 (
1"
#7205000
b101101000 $
b101101000 #
b101101000 %
#7210000
0"
#7220000
b1100101 !
b1100101 &
b10010111 '
b10010111 (
1"
#7225000
b101101001 $
b101101001 #
b101101001 %
#7230000
0"
#7240000
b10010110 '
b10010110 (
1"
#7245000
b101101010 $
b101101010 #
b101101010 %
#7250000
0"
#7260000
b1100100 !
b1100100 &
b10010101 '
b10010101 (
1"
#7265000
b101101011 $
b101101011 #
b101101011 %
#7270000
0"
#7280000
b10010100 '
b10010100 (
1"
#7285000
b101101100 $
b101101100 #
b101101100 %
#7290000
0"
#7300000
b1100011 !
b1100011 &
b10010011 '
b10010011 (
1"
#7305000
b101101101 $
b101101101 #
b101101101 %
#7310000
0"
#7320000
b10010010 '
b10010010 (
1"
#7325000
b101101110 $
b101101110 #
b101101110 %
#7330000
0"
#7340000
b1100010 !
b1100010 &
b10010001 '
b10010001 (
1"
#7345000
b101101111 $
b101101111 #
b101101111 %
#7350000
0"
#7360000
b10010000 '
b10010000 (
1"
#7365000
b101110000 $
b101110000 #
b101110000 %
#7370000
0"
#7380000
b1100001 !
b1100001 &
b10001111 '
b10001111 (
1"
#7385000
b101110001 $
b101110001 #
b101110001 %
#7390000
0"
#7400000
b10001110 '
b10001110 (
1"
#7405000
b101110010 $
b101110010 #
b101110010 %
#7410000
0"
#7420000
b1100000 !
b1100000 &
b10001101 '
b10001101 (
1"
#7425000
b101110011 $
b101110011 #
b101110011 %
#7430000
0"
#7440000
b10001100 '
b10001100 (
1"
#7445000
b101110100 $
b101110100 #
b101110100 %
#7450000
0"
#7460000
b1011111 !
b1011111 &
b10001011 '
b10001011 (
1"
#7465000
b101110101 $
b101110101 #
b101110101 %
#7470000
0"
#7480000
b10001010 '
b10001010 (
1"
#7485000
b101110110 $
b101110110 #
b101110110 %
#7490000
0"
#7500000
b1011110 !
b1011110 &
b10001001 '
b10001001 (
1"
#7505000
b101110111 $
b101110111 #
b101110111 %
#7510000
0"
#7520000
b10001000 '
b10001000 (
1"
#7525000
b101111000 $
b101111000 #
b101111000 %
#7530000
0"
#7540000
b1011101 !
b1011101 &
b10000111 '
b10000111 (
1"
#7545000
b101111001 $
b101111001 #
b101111001 %
#7550000
0"
#7560000
b10000110 '
b10000110 (
1"
#7565000
b101111010 $
b101111010 #
b101111010 %
#7570000
0"
#7580000
b1011100 !
b1011100 &
b10000101 '
b10000101 (
1"
#7585000
b101111011 $
b101111011 #
b101111011 %
#7590000
0"
#7600000
b1011011 !
b1011011 &
b10000100 '
b10000100 (
1"
#7605000
b101111100 $
b101111100 #
b101111100 %
#7610000
0"
#7620000
b10000011 '
b10000011 (
1"
#7625000
b101111101 $
b101111101 #
b101111101 %
#7630000
0"
#7640000
b1011010 !
b1011010 &
b10000010 '
b10000010 (
1"
#7645000
b101111110 $
b101111110 #
b101111110 %
#7650000
0"
#7660000
b10000001 '
b10000001 (
1"
#7665000
b101111111 $
b101111111 #
b101111111 %
#7670000
0"
#7680000
b1011001 !
b1011001 &
b10000000 '
b10000000 (
1"
#7685000
b110000000 $
b110000000 #
b110000000 %
#7690000
0"
#7700000
b1111111 '
b1111111 (
1"
#7705000
b110000001 $
b110000001 #
b110000001 %
#7710000
0"
#7720000
b1011000 !
b1011000 &
b1111110 '
b1111110 (
1"
#7725000
b110000010 $
b110000010 #
b110000010 %
#7730000
0"
#7740000
b1111101 '
b1111101 (
1"
#7745000
b110000011 $
b110000011 #
b110000011 %
#7750000
0"
#7760000
b1010111 !
b1010111 &
b1111100 '
b1111100 (
1"
#7765000
b110000100 $
b110000100 #
b110000100 %
#7770000
0"
#7780000
b1111011 '
b1111011 (
1"
#7785000
b110000101 $
b110000101 #
b110000101 %
#7790000
0"
#7800000
b1010110 !
b1010110 &
b1111010 '
b1111010 (
1"
#7805000
b110000110 $
b110000110 #
b110000110 %
#7810000
0"
#7820000
b1010101 !
b1010101 &
b1111001 '
b1111001 (
1"
#7825000
b110000111 $
b110000111 #
b110000111 %
#7830000
0"
#7840000
b1111000 '
b1111000 (
1"
#7845000
b110001000 $
b110001000 #
b110001000 %
#7850000
0"
#7860000
b1010100 !
b1010100 &
b1110111 '
b1110111 (
1"
#7865000
b110001001 $
b110001001 #
b110001001 %
#7870000
0"
#7880000
b1110110 '
b1110110 (
1"
#7885000
b110001010 $
b110001010 #
b110001010 %
#7890000
0"
#7900000
b1010011 !
b1010011 &
b1110101 '
b1110101 (
1"
#7905000
b110001011 $
b110001011 #
b110001011 %
#7910000
0"
#7920000
b1010010 !
b1010010 &
b1110100 '
b1110100 (
1"
#7925000
b110001100 $
b110001100 #
b110001100 %
#7930000
0"
#7940000
b1110011 '
b1110011 (
1"
#7945000
b110001101 $
b110001101 #
b110001101 %
#7950000
0"
#7960000
b1010001 !
b1010001 &
b1110010 '
b1110010 (
1"
#7965000
b110001110 $
b110001110 #
b110001110 %
#7970000
0"
#7980000
b1110001 '
b1110001 (
1"
#7985000
b110001111 $
b110001111 #
b110001111 %
#7990000
0"
#8000000
b1010000 !
b1010000 &
b1110000 '
b1110000 (
1"
#8005000
b110010000 $
b110010000 #
b110010000 %
#8010000
0"
#8020000
b1001111 !
b1001111 &
b1101111 '
b1101111 (
1"
#8025000
b110010001 $
b110010001 #
b110010001 %
#8030000
0"
#8040000
b1101110 '
b1101110 (
1"
#8045000
b110010010 $
b110010010 #
b110010010 %
#8050000
0"
#8060000
b1001110 !
b1001110 &
b1101101 '
b1101101 (
1"
#8065000
b110010011 $
b110010011 #
b110010011 %
#8070000
0"
#8080000
b1101100 '
b1101100 (
1"
#8085000
b110010100 $
b110010100 #
b110010100 %
#8090000
0"
#8100000
b1001101 !
b1001101 &
b1101011 '
b1101011 (
1"
#8105000
b110010101 $
b110010101 #
b110010101 %
#8110000
0"
#8120000
b1001100 !
b1001100 &
b1101010 '
b1101010 (
1"
#8125000
b110010110 $
b110010110 #
b110010110 %
#8130000
0"
#8140000
b1101001 '
b1101001 (
1"
#8145000
b110010111 $
b110010111 #
b110010111 %
#8150000
0"
#8160000
b1001011 !
b1001011 &
b1101000 '
b1101000 (
1"
#8165000
b110011000 $
b110011000 #
b110011000 %
#8170000
0"
#8180000
b1100111 '
b1100111 (
1"
#8185000
b110011001 $
b110011001 #
b110011001 %
#8190000
0"
#8200000
b1001010 !
b1001010 &
b1100110 '
b1100110 (
1"
#8205000
b110011010 $
b110011010 #
b110011010 %
#8210000
0"
#8220000
b1001001 !
b1001001 &
b1100101 '
b1100101 (
1"
#8225000
b110011011 $
b110011011 #
b110011011 %
#8230000
0"
#8240000
b1100100 '
b1100100 (
1"
#8245000
b110011100 $
b110011100 #
b110011100 %
#8250000
0"
#8260000
b1001000 !
b1001000 &
b1100011 '
b1100011 (
1"
#8265000
b110011101 $
b110011101 #
b110011101 %
#8270000
0"
#8280000
b1000111 !
b1000111 &
b1100010 '
b1100010 (
1"
#8285000
b110011110 $
b110011110 #
b110011110 %
#8290000
0"
#8300000
b1100001 '
b1100001 (
1"
#8305000
b110011111 $
b110011111 #
b110011111 %
#8310000
0"
#8320000
b1000110 !
b1000110 &
b1100000 '
b1100000 (
1"
#8325000
b110100000 $
b110100000 #
b110100000 %
#8330000
0"
#8340000
b1000101 !
b1000101 &
b1011111 '
b1011111 (
1"
#8345000
b110100001 $
b110100001 #
b110100001 %
#8350000
0"
#8360000
b1011110 '
b1011110 (
1"
#8365000
b110100010 $
b110100010 #
b110100010 %
#8370000
0"
#8380000
b1000100 !
b1000100 &
b1011101 '
b1011101 (
1"
#8385000
b110100011 $
b110100011 #
b110100011 %
#8390000
0"
#8400000
b1000011 !
b1000011 &
b1011100 '
b1011100 (
1"
#8405000
b110100100 $
b110100100 #
b110100100 %
#8410000
0"
#8420000
b1011011 '
b1011011 (
1"
#8425000
b110100101 $
b110100101 #
b110100101 %
#8430000
0"
#8440000
b1000010 !
b1000010 &
b1011010 '
b1011010 (
1"
#8445000
b110100110 $
b110100110 #
b110100110 %
#8450000
0"
#8460000
b1000001 !
b1000001 &
b1011001 '
b1011001 (
1"
#8465000
b110100111 $
b110100111 #
b110100111 %
#8470000
0"
#8480000
b1011000 '
b1011000 (
1"
#8485000
b110101000 $
b110101000 #
b110101000 %
#8490000
0"
#8500000
b1000000 !
b1000000 &
b1010111 '
b1010111 (
1"
#8505000
b110101001 $
b110101001 #
b110101001 %
#8510000
0"
#8520000
b111111 !
b111111 &
b1010110 '
b1010110 (
1"
#8525000
b110101010 $
b110101010 #
b110101010 %
#8530000
0"
#8540000
b1010101 '
b1010101 (
1"
#8545000
b110101011 $
b110101011 #
b110101011 %
#8550000
0"
#8560000
b111110 !
b111110 &
b1010100 '
b1010100 (
1"
#8565000
b110101100 $
b110101100 #
b110101100 %
#8570000
0"
#8580000
b111101 !
b111101 &
b1010011 '
b1010011 (
1"
#8585000
b110101101 $
b110101101 #
b110101101 %
#8590000
0"
#8600000
b1010010 '
b1010010 (
1"
#8605000
b110101110 $
b110101110 #
b110101110 %
#8610000
0"
#8620000
b111100 !
b111100 &
b1010001 '
b1010001 (
1"
#8625000
b110101111 $
b110101111 #
b110101111 %
#8630000
0"
#8640000
b111011 !
b111011 &
b1010000 '
b1010000 (
1"
#8645000
b110110000 $
b110110000 #
b110110000 %
#8650000
0"
#8660000
b1001111 '
b1001111 (
1"
#8665000
b110110001 $
b110110001 #
b110110001 %
#8670000
0"
#8680000
b111010 !
b111010 &
b1001110 '
b1001110 (
1"
#8685000
b110110010 $
b110110010 #
b110110010 %
#8690000
0"
#8700000
b111001 !
b111001 &
b1001101 '
b1001101 (
1"
#8705000
b110110011 $
b110110011 #
b110110011 %
#8710000
0"
#8720000
b1001100 '
b1001100 (
1"
#8725000
b110110100 $
b110110100 #
b110110100 %
#8730000
0"
#8740000
b111000 !
b111000 &
b1001011 '
b1001011 (
1"
#8745000
b110110101 $
b110110101 #
b110110101 %
#8750000
0"
#8760000
b110111 !
b110111 &
b1001010 '
b1001010 (
1"
#8765000
b110110110 $
b110110110 #
b110110110 %
#8770000
0"
#8780000
b1001001 '
b1001001 (
1"
#8785000
b110110111 $
b110110111 #
b110110111 %
#8790000
0"
#8800000
b110110 !
b110110 &
b1001000 '
b1001000 (
1"
#8805000
b110111000 $
b110111000 #
b110111000 %
#8810000
0"
#8820000
b110101 !
b110101 &
b1000111 '
b1000111 (
1"
#8825000
b110111001 $
b110111001 #
b110111001 %
#8830000
0"
#8840000
b110100 !
b110100 &
b1000110 '
b1000110 (
1"
#8845000
b110111010 $
b110111010 #
b110111010 %
#8850000
0"
#8860000
b1000101 '
b1000101 (
1"
#8865000
b110111011 $
b110111011 #
b110111011 %
#8870000
0"
#8880000
b110011 !
b110011 &
b1000100 '
b1000100 (
1"
#8885000
b110111100 $
b110111100 #
b110111100 %
#8890000
0"
#8900000
b110010 !
b110010 &
b1000011 '
b1000011 (
1"
#8905000
b110111101 $
b110111101 #
b110111101 %
#8910000
0"
#8920000
b1000010 '
b1000010 (
1"
#8925000
b110111110 $
b110111110 #
b110111110 %
#8930000
0"
#8940000
b110001 !
b110001 &
b1000001 '
b1000001 (
1"
#8945000
b110111111 $
b110111111 #
b110111111 %
#8950000
0"
#8960000
b110000 !
b110000 &
b1000000 '
b1000000 (
1"
#8965000
b111000000 $
b111000000 #
b111000000 %
#8970000
0"
#8980000
b101111 !
b101111 &
b111111 '
b111111 (
1"
#8985000
b111000001 $
b111000001 #
b111000001 %
#8990000
0"
#9000000
b111110 '
b111110 (
1"
#9005000
b111000010 $
b111000010 #
b111000010 %
#9010000
0"
#9020000
b101110 !
b101110 &
b111101 '
b111101 (
1"
#9025000
b111000011 $
b111000011 #
b111000011 %
#9030000
0"
#9040000
b101101 !
b101101 &
b111100 '
b111100 (
1"
#9045000
b111000100 $
b111000100 #
b111000100 %
#9050000
0"
#9060000
b101100 !
b101100 &
b111011 '
b111011 (
1"
#9065000
b111000101 $
b111000101 #
b111000101 %
#9070000
0"
#9080000
b111010 '
b111010 (
1"
#9085000
b111000110 $
b111000110 #
b111000110 %
#9090000
0"
#9100000
b101011 !
b101011 &
b111001 '
b111001 (
1"
#9105000
b111000111 $
b111000111 #
b111000111 %
#9110000
0"
#9120000
b101010 !
b101010 &
b111000 '
b111000 (
1"
#9125000
b111001000 $
b111001000 #
b111001000 %
#9130000
0"
#9140000
b110111 '
b110111 (
1"
#9145000
b111001001 $
b111001001 #
b111001001 %
#9150000
0"
#9160000
b101001 !
b101001 &
b110110 '
b110110 (
1"
#9165000
b111001010 $
b111001010 #
b111001010 %
#9170000
0"
#9180000
b101000 !
b101000 &
b110101 '
b110101 (
1"
#9185000
b111001011 $
b111001011 #
b111001011 %
#9190000
0"
#9200000
b100111 !
b100111 &
b110100 '
b110100 (
1"
#9205000
b111001100 $
b111001100 #
b111001100 %
#9210000
0"
#9220000
b110011 '
b110011 (
1"
#9225000
b111001101 $
b111001101 #
b111001101 %
#9230000
0"
#9240000
b100110 !
b100110 &
b110010 '
b110010 (
1"
#9245000
b111001110 $
b111001110 #
b111001110 %
#9250000
0"
#9260000
b100101 !
b100101 &
b110001 '
b110001 (
1"
#9265000
b111001111 $
b111001111 #
b111001111 %
#9270000
0"
#9280000
b100100 !
b100100 &
b110000 '
b110000 (
1"
#9285000
b111010000 $
b111010000 #
b111010000 %
#9290000
0"
#9300000
b101111 '
b101111 (
1"
#9305000
b111010001 $
b111010001 #
b111010001 %
#9310000
0"
#9320000
b100011 !
b100011 &
b101110 '
b101110 (
1"
#9325000
b111010010 $
b111010010 #
b111010010 %
#9330000
0"
#9340000
b100010 !
b100010 &
b101101 '
b101101 (
1"
#9345000
b111010011 $
b111010011 #
b111010011 %
#9350000
0"
#9360000
b100001 !
b100001 &
b101100 '
b101100 (
1"
#9365000
b111010100 $
b111010100 #
b111010100 %
#9370000
0"
#9380000
b101011 '
b101011 (
1"
#9385000
b111010101 $
b111010101 #
b111010101 %
#9390000
0"
#9400000
b100000 !
b100000 &
b101010 '
b101010 (
1"
#9405000
b111010110 $
b111010110 #
b111010110 %
#9410000
0"
#9420000
b11111 !
b11111 &
b101001 '
b101001 (
1"
#9425000
b111010111 $
b111010111 #
b111010111 %
#9430000
0"
#9440000
b11110 !
b11110 &
b101000 '
b101000 (
1"
#9445000
b111011000 $
b111011000 #
b111011000 %
#9450000
0"
#9460000
b100111 '
b100111 (
1"
#9465000
b111011001 $
b111011001 #
b111011001 %
#9470000
0"
#9480000
b11101 !
b11101 &
b100110 '
b100110 (
1"
#9485000
b111011010 $
b111011010 #
b111011010 %
#9490000
0"
#9500000
b11100 !
b11100 &
b100101 '
b100101 (
1"
#9505000
b111011011 $
b111011011 #
b111011011 %
#9510000
0"
#9520000
b11011 !
b11011 &
b100100 '
b100100 (
1"
#9525000
b111011100 $
b111011100 #
b111011100 %
#9530000
0"
#9540000
b100011 '
b100011 (
1"
#9545000
b111011101 $
b111011101 #
b111011101 %
#9550000
0"
#9560000
b11010 !
b11010 &
b100010 '
b100010 (
1"
#9565000
b111011110 $
b111011110 #
b111011110 %
#9570000
0"
#9580000
b11001 !
b11001 &
b100001 '
b100001 (
1"
#9585000
b111011111 $
b111011111 #
b111011111 %
#9590000
0"
#9600000
b11000 !
b11000 &
b100000 '
b100000 (
1"
#9605000
b111100000 $
b111100000 #
b111100000 %
#9610000
0"
#9620000
b11111 '
b11111 (
1"
#9625000
b111100001 $
b111100001 #
b111100001 %
#9630000
0"
#9640000
b10111 !
b10111 &
b11110 '
b11110 (
1"
#9645000
b111100010 $
b111100010 #
b111100010 %
#9650000
0"
#9660000
b10110 !
b10110 &
b11101 '
b11101 (
1"
#9665000
b111100011 $
b111100011 #
b111100011 %
#9670000
0"
#9680000
b10101 !
b10101 &
b11100 '
b11100 (
1"
#9685000
b111100100 $
b111100100 #
b111100100 %
#9690000
0"
#9700000
b10100 !
b10100 &
b11011 '
b11011 (
1"
#9705000
b111100101 $
b111100101 #
b111100101 %
#9710000
0"
#9720000
b11010 '
b11010 (
1"
#9725000
b111100110 $
b111100110 #
b111100110 %
#9730000
0"
#9740000
b10011 !
b10011 &
b11001 '
b11001 (
1"
#9745000
b111100111 $
b111100111 #
b111100111 %
#9750000
0"
#9760000
b10010 !
b10010 &
b11000 '
b11000 (
1"
#9765000
b111101000 $
b111101000 #
b111101000 %
#9770000
0"
#9780000
b10001 !
b10001 &
b10111 '
b10111 (
1"
#9785000
b111101001 $
b111101001 #
b111101001 %
#9790000
0"
#9800000
b10110 '
b10110 (
1"
#9805000
b111101010 $
b111101010 #
b111101010 %
#9810000
0"
#9820000
b10000 !
b10000 &
b10101 '
b10101 (
1"
#9825000
b111101011 $
b111101011 #
b111101011 %
#9830000
0"
#9840000
b1111 !
b1111 &
b10100 '
b10100 (
1"
#9845000
b111101100 $
b111101100 #
b111101100 %
#9850000
0"
#9860000
b1110 !
b1110 &
b10011 '
b10011 (
1"
#9865000
b111101101 $
b111101101 #
b111101101 %
#9870000
0"
#9880000
b1101 !
b1101 &
b10010 '
b10010 (
1"
#9885000
b111101110 $
b111101110 #
b111101110 %
#9890000
0"
#9900000
b10001 '
b10001 (
1"
#9905000
b111101111 $
b111101111 #
b111101111 %
#9910000
0"
#9920000
b1100 !
b1100 &
b10000 '
b10000 (
1"
#9925000
b111110000 $
b111110000 #
b111110000 %
#9930000
0"
#9940000
b1011 !
b1011 &
b1111 '
b1111 (
1"
#9945000
b111110001 $
b111110001 #
b111110001 %
#9950000
0"
#9960000
b1010 !
b1010 &
b1110 '
b1110 (
1"
#9965000
b111110010 $
b111110010 #
b111110010 %
#9970000
0"
#9980000
b1101 '
b1101 (
1"
#9985000
b111110011 $
b111110011 #
b111110011 %
#9990000
0"
#10000000
b1001 !
b1001 &
b1100 '
b1100 (
1"
#10005000
b111110100 $
b111110100 #
b111110100 %
#10010000
0"
#10020000
b1000 !
b1000 &
b1011 '
b1011 (
1"
#10025000
b111110101 $
b111110101 #
b111110101 %
#10030000
0"
#10040000
b111 !
b111 &
b1010 '
b1010 (
1"
#10045000
b111110110 $
b111110110 #
b111110110 %
#10050000
0"
#10060000
b1001 '
b1001 (
1"
#10065000
b111110111 $
b111110111 #
b111110111 %
#10070000
0"
#10080000
b110 !
b110 &
b1000 '
b1000 (
1"
#10085000
b111111000 $
b111111000 #
b111111000 %
#10090000
0"
#10100000
b101 !
b101 &
b111 '
b111 (
1"
#10105000
b111111001 $
b111111001 #
b111111001 %
#10110000
0"
#10120000
b100 !
b100 &
b110 '
b110 (
1"
#10125000
b111111010 $
b111111010 #
b111111010 %
#10130000
0"
#10140000
b11 !
b11 &
b101 '
b101 (
1"
#10145000
b111111011 $
b111111011 #
b111111011 %
#10150000
0"
#10160000
b100 '
b100 (
1"
#10165000
b111111100 $
b111111100 #
b111111100 %
#10170000
0"
#10180000
b10 !
b10 &
b11 '
b11 (
1"
#10185000
b111111101 $
b111111101 #
b111111101 %
#10190000
0"
#10200000
b1 !
b1 &
b10 '
b10 (
1"
#10205000
b111111110 $
b111111110 #
b111111110 %
#10210000
0"
#10220000
b0 !
b0 &
b1 '
b1 (
1"
#10225000
b111111111 $
b111111111 #
b111111111 %
#10230000
0"
#10240000
b0 '
b0 (
1"
#10245000
b1000000000 $
b1000000000 #
b1000000000 %
#10250000
0"
#10260000
1"
#10265000
b1000000001 $
b1000000001 #
b1000000001 %
#10270000
0"
#10280000
b1 '
b1 (
1"
#10285000
b1000000010 $
b1000000010 #
b1000000010 %
#10290000
0"
#10300000
b11111111 !
b11111111 &
b10 '
b10 (
1"
#10305000
b1000000011 $
b1000000011 #
b1000000011 %
#10310000
0"
#10320000
b11111110 !
b11111110 &
b11 '
b11 (
1"
#10325000
b1000000100 $
b1000000100 #
b1000000100 %
#10330000
0"
#10340000
b11111101 !
b11111101 &
b100 '
b100 (
1"
#10345000
b1000000101 $
b1000000101 #
b1000000101 %
#10350000
0"
#10360000
b101 '
b101 (
1"
#10365000
b1000000110 $
b1000000110 #
b1000000110 %
#10370000
0"
#10380000
b11111100 !
b11111100 &
b110 '
b110 (
1"
#10385000
b1000000111 $
b1000000111 #
b1000000111 %
#10390000
0"
#10400000
b11111011 !
b11111011 &
b111 '
b111 (
1"
#10405000
b1000001000 $
b1000001000 #
b1000001000 %
#10410000
0"
#10420000
b11111010 !
b11111010 &
b1000 '
b1000 (
1"
#10425000
b1000001001 $
b1000001001 #
b1000001001 %
#10430000
0"
#10440000
b11111001 !
b11111001 &
b1001 '
b1001 (
1"
#10445000
b1000001010 $
b1000001010 #
b1000001010 %
#10450000
0"
#10460000
b1010 '
b1010 (
1"
#10465000
b1000001011 $
b1000001011 #
b1000001011 %
#10470000
0"
#10480000
b11111000 !
b11111000 &
b1011 '
b1011 (
1"
#10485000
b1000001100 $
b1000001100 #
b1000001100 %
#10490000
0"
#10500000
b11110111 !
b11110111 &
b1100 '
b1100 (
1"
#10505000
b1000001101 $
b1000001101 #
b1000001101 %
#10510000
0"
#10520000
b11110110 !
b11110110 &
b1101 '
b1101 (
1"
#10525000
b1000001110 $
b1000001110 #
b1000001110 %
#10530000
0"
#10540000
b1110 '
b1110 (
1"
#10545000
b1000001111 $
b1000001111 #
b1000001111 %
#10550000
0"
#10560000
b11110101 !
b11110101 &
b1111 '
b1111 (
1"
#10565000
b1000010000 $
b1000010000 #
b1000010000 %
#10570000
0"
#10580000
b11110100 !
b11110100 &
b10000 '
b10000 (
1"
#10585000
b1000010001 $
b1000010001 #
b1000010001 %
#10590000
0"
#10600000
b11110011 !
b11110011 &
b10001 '
b10001 (
1"
#10605000
b1000010010 $
b1000010010 #
b1000010010 %
#10610000
0"
#10620000
b10010 '
b10010 (
1"
#10625000
b1000010011 $
b1000010011 #
b1000010011 %
#10630000
0"
#10640000
b11110010 !
b11110010 &
b10011 '
b10011 (
1"
#10645000
b1000010100 $
b1000010100 #
b1000010100 %
#10650000
0"
#10660000
b11110001 !
b11110001 &
b10100 '
b10100 (
1"
#10665000
b1000010101 $
b1000010101 #
b1000010101 %
#10670000
0"
#10680000
b11110000 !
b11110000 &
b10101 '
b10101 (
1"
#10685000
b1000010110 $
b1000010110 #
b1000010110 %
#10690000
0"
#10700000
b11101111 !
b11101111 &
b10110 '
b10110 (
1"
#10705000
b1000010111 $
b1000010111 #
b1000010111 %
#10710000
0"
#10720000
b10111 '
b10111 (
1"
#10725000
b1000011000 $
b1000011000 #
b1000011000 %
#10730000
0"
#10740000
b11101110 !
b11101110 &
b11000 '
b11000 (
1"
#10745000
b1000011001 $
b1000011001 #
b1000011001 %
#10750000
0"
#10760000
b11101101 !
b11101101 &
b11001 '
b11001 (
1"
#10765000
b1000011010 $
b1000011010 #
b1000011010 %
#10770000
0"
#10780000
b11101100 !
b11101100 &
b11010 '
b11010 (
1"
#10785000
b1000011011 $
b1000011011 #
b1000011011 %
#10790000
0"
#10800000
b11011 '
b11011 (
1"
#10805000
b1000011100 $
b1000011100 #
b1000011100 %
#10810000
0"
#10820000
b11101011 !
b11101011 &
b11100 '
b11100 (
1"
#10825000
b1000011101 $
b1000011101 #
b1000011101 %
#10830000
0"
#10840000
b11101010 !
b11101010 &
b11101 '
b11101 (
1"
#10845000
b1000011110 $
b1000011110 #
b1000011110 %
#10850000
0"
#10860000
b11101001 !
b11101001 &
b11110 '
b11110 (
1"
#10865000
b1000011111 $
b1000011111 #
b1000011111 %
#10870000
0"
#10880000
b11101000 !
b11101000 &
b11111 '
b11111 (
1"
#10885000
b1000100000 $
b1000100000 #
b1000100000 %
#10890000
0"
#10900000
b100000 '
b100000 (
1"
#10905000
b1000100001 $
b1000100001 #
b1000100001 %
#10910000
0"
#10920000
b11100111 !
b11100111 &
b100001 '
b100001 (
1"
#10925000
b1000100010 $
b1000100010 #
b1000100010 %
#10930000
0"
#10940000
b11100110 !
b11100110 &
b100010 '
b100010 (
1"
#10945000
b1000100011 $
b1000100011 #
b1000100011 %
#10950000
0"
#10960000
b11100101 !
b11100101 &
b100011 '
b100011 (
1"
#10965000
b1000100100 $
b1000100100 #
b1000100100 %
#10970000
0"
#10980000
b100100 '
b100100 (
1"
#10985000
b1000100101 $
b1000100101 #
b1000100101 %
#10990000
0"
#11000000
b11100100 !
b11100100 &
b100101 '
b100101 (
1"
#11005000
b1000100110 $
b1000100110 #
b1000100110 %
#11010000
0"
#11020000
b11100011 !
b11100011 &
b100110 '
b100110 (
1"
#11025000
b1000100111 $
b1000100111 #
b1000100111 %
#11030000
0"
#11040000
b11100010 !
b11100010 &
b100111 '
b100111 (
1"
#11045000
b1000101000 $
b1000101000 #
b1000101000 %
#11050000
0"
#11060000
b101000 '
b101000 (
1"
#11065000
b1000101001 $
b1000101001 #
b1000101001 %
#11070000
0"
#11080000
b11100001 !
b11100001 &
b101001 '
b101001 (
1"
#11085000
b1000101010 $
b1000101010 #
b1000101010 %
#11090000
0"
#11100000
b11100000 !
b11100000 &
b101010 '
b101010 (
1"
#11105000
b1000101011 $
b1000101011 #
b1000101011 %
#11110000
0"
#11120000
b11011111 !
b11011111 &
b101011 '
b101011 (
1"
#11125000
b1000101100 $
b1000101100 #
b1000101100 %
#11130000
0"
#11140000
b101100 '
b101100 (
1"
#11145000
b1000101101 $
b1000101101 #
b1000101101 %
#11150000
0"
#11160000
b11011110 !
b11011110 &
b101101 '
b101101 (
1"
#11165000
b1000101110 $
b1000101110 #
b1000101110 %
#11170000
0"
#11180000
b11011101 !
b11011101 &
b101110 '
b101110 (
1"
#11185000
b1000101111 $
b1000101111 #
b1000101111 %
#11190000
0"
#11200000
b11011100 !
b11011100 &
b101111 '
b101111 (
1"
#11205000
b1000110000 $
b1000110000 #
b1000110000 %
#11210000
0"
#11220000
b110000 '
b110000 (
1"
#11225000
b1000110001 $
b1000110001 #
b1000110001 %
#11230000
0"
#11240000
b11011011 !
b11011011 &
b110001 '
b110001 (
1"
#11245000
b1000110010 $
b1000110010 #
b1000110010 %
#11250000
0"
#11260000
b11011010 !
b11011010 &
b110010 '
b110010 (
1"
#11265000
b1000110011 $
b1000110011 #
b1000110011 %
#11270000
0"
#11280000
b11011001 !
b11011001 &
b110011 '
b110011 (
1"
#11285000
b1000110100 $
b1000110100 #
b1000110100 %
#11290000
0"
#11300000
b110100 '
b110100 (
1"
#11305000
b1000110101 $
b1000110101 #
b1000110101 %
#11310000
0"
#11320000
b11011000 !
b11011000 &
b110101 '
b110101 (
1"
#11325000
b1000110110 $
b1000110110 #
b1000110110 %
#11330000
0"
#11340000
b11010111 !
b11010111 &
b110110 '
b110110 (
1"
#11345000
b1000110111 $
b1000110111 #
b1000110111 %
#11350000
0"
#11360000
b11010110 !
b11010110 &
b110111 '
b110111 (
1"
#11365000
b1000111000 $
b1000111000 #
b1000111000 %
#11370000
0"
#11380000
b111000 '
b111000 (
1"
#11385000
b1000111001 $
b1000111001 #
b1000111001 %
#11390000
0"
#11400000
b11010101 !
b11010101 &
b111001 '
b111001 (
1"
#11405000
b1000111010 $
b1000111010 #
b1000111010 %
#11410000
0"
#11420000
b11010100 !
b11010100 &
b111010 '
b111010 (
1"
#11425000
b1000111011 $
b1000111011 #
b1000111011 %
#11430000
0"
#11440000
b111011 '
b111011 (
1"
#11445000
b1000111100 $
b1000111100 #
b1000111100 %
#11450000
0"
#11460000
b11010011 !
b11010011 &
b111100 '
b111100 (
1"
#11465000
b1000111101 $
b1000111101 #
b1000111101 %
#11470000
0"
#11480000
b11010010 !
b11010010 &
b111101 '
b111101 (
1"
#11485000
b1000111110 $
b1000111110 #
b1000111110 %
#11490000
0"
#11500000
b11010001 !
b11010001 &
b111110 '
b111110 (
1"
#11505000
b1000111111 $
b1000111111 #
b1000111111 %
#11510000
0"
#11520000
b111111 '
b111111 (
1"
#11525000
b1001000000 $
b1001000000 #
b1001000000 %
#11530000
0"
#11540000
b11010000 !
b11010000 &
b1000000 '
b1000000 (
1"
#11545000
b1001000001 $
b1001000001 #
b1001000001 %
#11550000
0"
#11560000
b11001111 !
b11001111 &
b1000001 '
b1000001 (
1"
#11565000
b1001000010 $
b1001000010 #
b1001000010 %
#11570000
0"
#11580000
b11001110 !
b11001110 &
b1000010 '
b1000010 (
1"
#11585000
b1001000011 $
b1001000011 #
b1001000011 %
#11590000
0"
#11600000
b1000011 '
b1000011 (
1"
#11605000
b1001000100 $
b1001000100 #
b1001000100 %
#11610000
0"
#11620000
b11001101 !
b11001101 &
b1000100 '
b1000100 (
1"
#11625000
b1001000101 $
b1001000101 #
b1001000101 %
#11630000
0"
#11640000
b11001100 !
b11001100 &
b1000101 '
b1000101 (
1"
#11645000
b1001000110 $
b1001000110 #
b1001000110 %
#11650000
0"
#11660000
b1000110 '
b1000110 (
1"
#11665000
b1001000111 $
b1001000111 #
b1001000111 %
#11670000
0"
#11680000
b11001011 !
b11001011 &
b1000111 '
b1000111 (
1"
#11685000
b1001001000 $
b1001001000 #
b1001001000 %
#11690000
0"
#11700000
b11001010 !
b11001010 &
b1001000 '
b1001000 (
1"
#11705000
b1001001001 $
b1001001001 #
b1001001001 %
#11710000
0"
#11720000
b11001001 !
b11001001 &
b1001001 '
b1001001 (
1"
#11725000
b1001001010 $
b1001001010 #
b1001001010 %
#11730000
0"
#11740000
b1001010 '
b1001010 (
1"
#11745000
b1001001011 $
b1001001011 #
b1001001011 %
#11750000
0"
#11760000
b11001000 !
b11001000 &
b1001011 '
b1001011 (
1"
#11765000
b1001001100 $
b1001001100 #
b1001001100 %
#11770000
0"
#11780000
b11000111 !
b11000111 &
b1001100 '
b1001100 (
1"
#11785000
b1001001101 $
b1001001101 #
b1001001101 %
#11790000
0"
#11800000
b1001101 '
b1001101 (
1"
#11805000
b1001001110 $
b1001001110 #
b1001001110 %
#11810000
0"
#11820000
b11000110 !
b11000110 &
b1001110 '
b1001110 (
1"
#11825000
b1001001111 $
b1001001111 #
b1001001111 %
#11830000
0"
#11840000
b11000101 !
b11000101 &
b1001111 '
b1001111 (
1"
#11845000
b1001010000 $
b1001010000 #
b1001010000 %
#11850000
0"
#11860000
b1010000 '
b1010000 (
1"
#11865000
b1001010001 $
b1001010001 #
b1001010001 %
#11870000
0"
#11880000
b11000100 !
b11000100 &
b1010001 '
b1010001 (
1"
#11885000
b1001010010 $
b1001010010 #
b1001010010 %
#11890000
0"
#11900000
b11000011 !
b11000011 &
b1010010 '
b1010010 (
1"
#11905000
b1001010011 $
b1001010011 #
b1001010011 %
#11910000
0"
#11920000
b1010011 '
b1010011 (
1"
#11925000
b1001010100 $
b1001010100 #
b1001010100 %
#11930000
0"
#11940000
b11000010 !
b11000010 &
b1010100 '
b1010100 (
1"
#11945000
b1001010101 $
b1001010101 #
b1001010101 %
#11950000
0"
#11960000
b11000001 !
b11000001 &
b1010101 '
b1010101 (
1"
#11965000
b1001010110 $
b1001010110 #
b1001010110 %
#11970000
0"
#11980000
b1010110 '
b1010110 (
1"
#11985000
b1001010111 $
b1001010111 #
b1001010111 %
#11990000
0"
#12000000
b11000000 !
b11000000 &
b1010111 '
b1010111 (
1"
#12005000
b1001011000 $
b1001011000 #
b1001011000 %
#12010000
0"
#12020000
b10111111 !
b10111111 &
b1011000 '
b1011000 (
1"
#12025000
b1001011001 $
b1001011001 #
b1001011001 %
#12030000
0"
#12040000
b1011001 '
b1011001 (
1"
#12045000
b1001011010 $
b1001011010 #
b1001011010 %
#12050000
0"
#12060000
b10111110 !
b10111110 &
b1011010 '
b1011010 (
1"
#12065000
b1001011011 $
b1001011011 #
b1001011011 %
#12070000
0"
#12080000
b10111101 !
b10111101 &
b1011011 '
b1011011 (
1"
#12085000
b1001011100 $
b1001011100 #
b1001011100 %
#12090000
0"
#12100000
b1011100 '
b1011100 (
1"
#12105000
b1001011101 $
b1001011101 #
b1001011101 %
#12110000
0"
#12120000
b10111100 !
b10111100 &
b1011101 '
b1011101 (
1"
#12125000
b1001011110 $
b1001011110 #
b1001011110 %
#12130000
0"
#12140000
b10111011 !
b10111011 &
b1011110 '
b1011110 (
1"
#12145000
b1001011111 $
b1001011111 #
b1001011111 %
#12150000
0"
#12160000
b1011111 '
b1011111 (
1"
#12165000
b1001100000 $
b1001100000 #
b1001100000 %
#12170000
0"
#12180000
b10111010 !
b10111010 &
b1100000 '
b1100000 (
1"
#12185000
b1001100001 $
b1001100001 #
b1001100001 %
#12190000
0"
#12200000
b10111001 !
b10111001 &
b1100001 '
b1100001 (
1"
#12205000
b1001100010 $
b1001100010 #
b1001100010 %
#12210000
0"
#12220000
b1100010 '
b1100010 (
1"
#12225000
b1001100011 $
b1001100011 #
b1001100011 %
#12230000
0"
#12240000
b10111000 !
b10111000 &
b1100011 '
b1100011 (
1"
#12245000
b1001100100 $
b1001100100 #
b1001100100 %
#12250000
0"
#12260000
b10110111 !
b10110111 &
b1100100 '
b1100100 (
1"
#12265000
b1001100101 $
b1001100101 #
b1001100101 %
#12270000
0"
#12280000
b1100101 '
b1100101 (
1"
#12285000
b1001100110 $
b1001100110 #
b1001100110 %
#12290000
0"
#12300000
b10110110 !
b10110110 &
b1100110 '
b1100110 (
1"
#12305000
b1001100111 $
b1001100111 #
b1001100111 %
#12310000
0"
#12320000
b10110101 !
b10110101 &
b1100111 '
b1100111 (
1"
#12325000
b1001101000 $
b1001101000 #
b1001101000 %
#12330000
0"
#12340000
b1101000 '
b1101000 (
1"
#12345000
b1001101001 $
b1001101001 #
b1001101001 %
#12350000
0"
#12360000
b10110100 !
b10110100 &
b1101001 '
b1101001 (
1"
#12365000
b1001101010 $
b1001101010 #
b1001101010 %
#12370000
0"
#12380000
b1101010 '
b1101010 (
1"
#12385000
b1001101011 $
b1001101011 #
b1001101011 %
#12390000
0"
#12400000
b10110011 !
b10110011 &
b1101011 '
b1101011 (
1"
#12405000
b1001101100 $
b1001101100 #
b1001101100 %
#12410000
0"
#12420000
b10110010 !
b10110010 &
b1101100 '
b1101100 (
1"
#12425000
b1001101101 $
b1001101101 #
b1001101101 %
#12430000
0"
#12440000
b1101101 '
b1101101 (
1"
#12445000
b1001101110 $
b1001101110 #
b1001101110 %
#12450000
0"
#12460000
b10110001 !
b10110001 &
b1101110 '
b1101110 (
1"
#12465000
b1001101111 $
b1001101111 #
b1001101111 %
#12470000
0"
#12480000
b1101111 '
b1101111 (
1"
#12485000
b1001110000 $
b1001110000 #
b1001110000 %
#12490000
0"
#12500000
b10110000 !
b10110000 &
b1110000 '
b1110000 (
1"
#12505000
b1001110001 $
b1001110001 #
b1001110001 %
#12510000
0"
#12520000
b10101111 !
b10101111 &
b1110001 '
b1110001 (
1"
#12525000
b1001110010 $
b1001110010 #
b1001110010 %
#12530000
0"
#12540000
b1110010 '
b1110010 (
1"
#12545000
b1001110011 $
b1001110011 #
b1001110011 %
#12550000
0"
#12560000
b10101110 !
b10101110 &
b1110011 '
b1110011 (
1"
#12565000
b1001110100 $
b1001110100 #
b1001110100 %
#12570000
0"
#12580000
b1110100 '
b1110100 (
1"
#12585000
b1001110101 $
b1001110101 #
b1001110101 %
#12590000
0"
#12600000
b10101101 !
b10101101 &
b1110101 '
b1110101 (
1"
#12605000
b1001110110 $
b1001110110 #
b1001110110 %
#12610000
0"
#12620000
b10101100 !
b10101100 &
b1110110 '
b1110110 (
1"
#12625000
b1001110111 $
b1001110111 #
b1001110111 %
#12630000
0"
#12640000
b1110111 '
b1110111 (
1"
#12645000
b1001111000 $
b1001111000 #
b1001111000 %
#12650000
0"
#12660000
b10101011 !
b10101011 &
b1111000 '
b1111000 (
1"
#12665000
b1001111001 $
b1001111001 #
b1001111001 %
#12670000
0"
#12680000
b1111001 '
b1111001 (
1"
#12685000
b1001111010 $
b1001111010 #
b1001111010 %
#12690000
0"
#12700000
b10101010 !
b10101010 &
b1111010 '
b1111010 (
1"
#12705000
b1001111011 $
b1001111011 #
b1001111011 %
#12710000
0"
#12720000
b10101001 !
b10101001 &
b1111011 '
b1111011 (
1"
#12725000
b1001111100 $
b1001111100 #
b1001111100 %
#12730000
0"
#12740000
b1111100 '
b1111100 (
1"
#12745000
b1001111101 $
b1001111101 #
b1001111101 %
#12750000
0"
#12760000
b10101000 !
b10101000 &
b1111101 '
b1111101 (
1"
#12765000
b1001111110 $
b1001111110 #
b1001111110 %
#12770000
0"
#12780000
b1111110 '
b1111110 (
1"
#12785000
b1001111111 $
b1001111111 #
b1001111111 %
#12790000
0"
#12800000
b10100111 !
b10100111 &
b1111111 '
b1111111 (
1"
#12805000
b1010000000 $
b1010000000 #
b1010000000 %
#12810000
0"
#12820000
b10000000 '
b10000000 (
1"
#12825000
b1010000001 $
b1010000001 #
b1010000001 %
#12830000
0"
#12840000
b10100110 !
b10100110 &
b10000001 '
b10000001 (
1"
#12845000
b1010000010 $
b1010000010 #
b1010000010 %
#12850000
0"
#12860000
b10000010 '
b10000010 (
1"
#12865000
b1010000011 $
b1010000011 #
b1010000011 %
#12870000
0"
#12880000
b10100101 !
b10100101 &
b10000011 '
b10000011 (
1"
#12885000
b1010000100 $
b1010000100 #
b1010000100 %
#12890000
0"
#12900000
b10000100 '
b10000100 (
1"
#12905000
b1010000101 $
b1010000101 #
b1010000101 %
#12910000
0"
#12920000
b10100100 !
b10100100 &
b10000101 '
b10000101 (
1"
#12925000
b1010000110 $
b1010000110 #
b1010000110 %
#12930000
0"
#12940000
b10100011 !
b10100011 &
b10000110 '
b10000110 (
1"
#12945000
b1010000111 $
b1010000111 #
b1010000111 %
#12950000
0"
#12960000
b10000111 '
b10000111 (
1"
#12965000
b1010001000 $
b1010001000 #
b1010001000 %
#12970000
0"
#12980000
b10100010 !
b10100010 &
b10001000 '
b10001000 (
1"
#12985000
b1010001001 $
b1010001001 #
b1010001001 %
#12990000
0"
#13000000
b10001001 '
b10001001 (
1"
#13005000
b1010001010 $
b1010001010 #
b1010001010 %
#13010000
0"
#13020000
b10100001 !
b10100001 &
b10001010 '
b10001010 (
1"
#13025000
b1010001011 $
b1010001011 #
b1010001011 %
#13030000
0"
#13040000
b10001011 '
b10001011 (
1"
#13045000
b1010001100 $
b1010001100 #
b1010001100 %
#13050000
0"
#13060000
b10100000 !
b10100000 &
b10001100 '
b10001100 (
1"
#13065000
b1010001101 $
b1010001101 #
b1010001101 %
#13070000
0"
#13080000
b10001101 '
b10001101 (
1"
#13085000
b1010001110 $
b1010001110 #
b1010001110 %
#13090000
0"
#13100000
b10011111 !
b10011111 &
b10001110 '
b10001110 (
1"
#13105000
b1010001111 $
b1010001111 #
b1010001111 %
#13110000
0"
#13120000
b10001111 '
b10001111 (
1"
#13125000
b1010010000 $
b1010010000 #
b1010010000 %
#13130000
0"
#13140000
b10011110 !
b10011110 &
b10010000 '
b10010000 (
1"
#13145000
b1010010001 $
b1010010001 #
b1010010001 %
#13150000
0"
#13160000
b10010001 '
b10010001 (
1"
#13165000
b1010010010 $
b1010010010 #
b1010010010 %
#13170000
0"
#13180000
b10011101 !
b10011101 &
b10010010 '
b10010010 (
1"
#13185000
b1010010011 $
b1010010011 #
b1010010011 %
#13190000
0"
#13200000
b10010011 '
b10010011 (
1"
#13205000
b1010010100 $
b1010010100 #
b1010010100 %
#13210000
0"
#13220000
b10011100 !
b10011100 &
b10010100 '
b10010100 (
1"
#13225000
b1010010101 $
b1010010101 #
b1010010101 %
#13230000
0"
#13240000
b10010101 '
b10010101 (
1"
#13245000
b1010010110 $
b1010010110 #
b1010010110 %
#13250000
0"
#13260000
b10011011 !
b10011011 &
b10010110 '
b10010110 (
1"
#13265000
b1010010111 $
b1010010111 #
b1010010111 %
#13270000
0"
#13280000
b10010111 '
b10010111 (
1"
#13285000
b1010011000 $
b1010011000 #
b1010011000 %
#13290000
0"
#13300000
b10011010 !
b10011010 &
b10011000 '
b10011000 (
1"
#13305000
b1010011001 $
b1010011001 #
b1010011001 %
#13310000
0"
#13320000
b10011001 '
b10011001 (
1"
#13325000
b1010011010 $
b1010011010 #
b1010011010 %
#13330000
0"
#13340000
b10011010 '
b10011010 (
1"
#13345000
b1010011011 $
b1010011011 #
b1010011011 %
#13350000
0"
#13360000
b10011001 !
b10011001 &
b10011011 '
b10011011 (
1"
#13365000
b1010011100 $
b1010011100 #
b1010011100 %
#13370000
0"
#13380000
b10011100 '
b10011100 (
1"
#13385000
b1010011101 $
b1010011101 #
b1010011101 %
#13390000
0"
#13400000
b10011000 !
b10011000 &
b10011101 '
b10011101 (
1"
#13405000
b1010011110 $
b1010011110 #
b1010011110 %
#13410000
0"
#13420000
b10011110 '
b10011110 (
1"
#13425000
b1010011111 $
b1010011111 #
b1010011111 %
#13430000
0"
#13440000
b10010111 !
b10010111 &
b10011111 '
b10011111 (
1"
#13445000
b1010100000 $
b1010100000 #
b1010100000 %
#13450000
0"
#13460000
b10100000 '
b10100000 (
1"
#13465000
b1010100001 $
b1010100001 #
b1010100001 %
#13470000
0"
#13480000
b10010110 !
b10010110 &
b10100001 '
b10100001 (
1"
#13485000
b1010100010 $
b1010100010 #
b1010100010 %
#13490000
0"
#13500000
b10100010 '
b10100010 (
1"
#13505000
b1010100011 $
b1010100011 #
b1010100011 %
#13510000
0"
#13520000
b10100011 '
b10100011 (
1"
#13525000
b1010100100 $
b1010100100 #
b1010100100 %
#13530000
0"
#13540000
b10010101 !
b10010101 &
b10100100 '
b10100100 (
1"
#13545000
b1010100101 $
b1010100101 #
b1010100101 %
#13550000
0"
#13560000
b10100101 '
b10100101 (
1"
#13565000
b1010100110 $
b1010100110 #
b1010100110 %
#13570000
0"
#13580000
b10010100 !
b10010100 &
b10100110 '
b10100110 (
1"
#13585000
b1010100111 $
b1010100111 #
b1010100111 %
#13590000
0"
#13600000
b10100111 '
b10100111 (
1"
#13605000
b1010101000 $
b1010101000 #
b1010101000 %
#13610000
0"
#13620000
b10101000 '
b10101000 (
1"
#13625000
b1010101001 $
b1010101001 #
b1010101001 %
#13630000
0"
#13640000
b10010011 !
b10010011 &
b10101001 '
b10101001 (
1"
#13645000
b1010101010 $
b1010101010 #
b1010101010 %
#13650000
0"
#13660000
b10101010 '
b10101010 (
1"
#13665000
b1010101011 $
b1010101011 #
b1010101011 %
#13670000
0"
#13680000
b10010010 !
b10010010 &
b10101011 '
b10101011 (
1"
#13685000
b1010101100 $
b1010101100 #
b1010101100 %
#13690000
0"
#13700000
b10101100 '
b10101100 (
1"
#13705000
b1010101101 $
b1010101101 #
b1010101101 %
#13710000
0"
#13720000
b10101101 '
b10101101 (
1"
#13725000
b1010101110 $
b1010101110 #
b1010101110 %
#13730000
0"
#13740000
b10010001 !
b10010001 &
b10101110 '
b10101110 (
1"
#13745000
b1010101111 $
b1010101111 #
b1010101111 %
#13750000
0"
#13760000
b10101111 '
b10101111 (
1"
#13765000
b1010110000 $
b1010110000 #
b1010110000 %
#13770000
0"
#13780000
b10010000 !
b10010000 &
b10110000 '
b10110000 (
1"
#13785000
b1010110001 $
b1010110001 #
b1010110001 %
#13790000
0"
#13800000
b10110001 '
b10110001 (
1"
#13805000
b1010110010 $
b1010110010 #
b1010110010 %
#13810000
0"
#13820000
b10110010 '
b10110010 (
1"
#13825000
b1010110011 $
b1010110011 #
b1010110011 %
#13830000
0"
#13840000
b10001111 !
b10001111 &
b10110011 '
b10110011 (
1"
#13845000
b1010110100 $
b1010110100 #
b1010110100 %
#13850000
0"
#13860000
b10110100 '
b10110100 (
1"
#13865000
b1010110101 $
b1010110101 #
b1010110101 %
#13870000
0"
#13880000
b10110101 '
b10110101 (
1"
#13885000
b1010110110 $
b1010110110 #
b1010110110 %
#13890000
0"
#13900000
b10001110 !
b10001110 &
b10110110 '
b10110110 (
1"
#13905000
b1010110111 $
b1010110111 #
b1010110111 %
#13910000
0"
#13920000
b10110111 '
b10110111 (
1"
#13925000
b1010111000 $
b1010111000 #
b1010111000 %
#13930000
0"
#13940000
b10111000 '
b10111000 (
1"
#13945000
b1010111001 $
b1010111001 #
b1010111001 %
#13950000
0"
#13960000
b10001101 !
b10001101 &
b10111001 '
b10111001 (
1"
#13965000
b1010111010 $
b1010111010 #
b1010111010 %
#13970000
0"
#13980000
b10111010 '
b10111010 (
1"
#13985000
b1010111011 $
b1010111011 #
b1010111011 %
#13990000
0"
#14000000
b10111011 '
b10111011 (
1"
#14005000
b1010111100 $
b1010111100 #
b1010111100 %
#14010000
0"
#14020000
b10001100 !
b10001100 &
b10111100 '
b10111100 (
1"
#14025000
b1010111101 $
b1010111101 #
b1010111101 %
#14030000
0"
#14040000
b10111101 '
b10111101 (
1"
#14045000
b1010111110 $
b1010111110 #
b1010111110 %
#14050000
0"
#14060000
b10111110 '
b10111110 (
1"
#14065000
b1010111111 $
b1010111111 #
b1010111111 %
#14070000
0"
#14080000
b10001011 !
b10001011 &
b10111111 '
b10111111 (
1"
#14085000
b1011000000 $
b1011000000 #
b1011000000 %
#14090000
0"
#14100000
b11000000 '
b11000000 (
1"
#14105000
b1011000001 $
b1011000001 #
b1011000001 %
#14110000
0"
#14120000
b11000001 '
b11000001 (
1"
#14125000
b1011000010 $
b1011000010 #
b1011000010 %
#14130000
0"
#14140000
b11000010 '
b11000010 (
1"
#14145000
b1011000011 $
b1011000011 #
b1011000011 %
#14150000
0"
#14160000
b10001010 !
b10001010 &
b11000011 '
b11000011 (
1"
#14165000
b1011000100 $
b1011000100 #
b1011000100 %
#14170000
0"
#14180000
b11000100 '
b11000100 (
1"
#14185000
b1011000101 $
b1011000101 #
b1011000101 %
#14190000
0"
#14200000
b11000101 '
b11000101 (
1"
#14205000
b1011000110 $
b1011000110 #
b1011000110 %
#14210000
0"
#14220000
b10001001 !
b10001001 &
b11000110 '
b11000110 (
1"
#14225000
b1011000111 $
b1011000111 #
b1011000111 %
#14230000
0"
#14240000
b11000111 '
b11000111 (
1"
#14245000
b1011001000 $
b1011001000 #
b1011001000 %
#14250000
0"
#14260000
b11001000 '
b11001000 (
1"
#14265000
b1011001001 $
b1011001001 #
b1011001001 %
#14270000
0"
#14280000
b11001001 '
b11001001 (
1"
#14285000
b1011001010 $
b1011001010 #
b1011001010 %
#14290000
0"
#14300000
b10001000 !
b10001000 &
b11001010 '
b11001010 (
1"
#14305000
b1011001011 $
b1011001011 #
b1011001011 %
#14310000
0"
#14320000
b11001011 '
b11001011 (
1"
#14325000
b1011001100 $
b1011001100 #
b1011001100 %
#14330000
0"
#14340000
b11001100 '
b11001100 (
1"
#14345000
b1011001101 $
b1011001101 #
b1011001101 %
#14350000
0"
#14360000
b11001101 '
b11001101 (
1"
#14365000
b1011001110 $
b1011001110 #
b1011001110 %
#14370000
0"
#14380000
b10000111 !
b10000111 &
b11001110 '
b11001110 (
1"
#14385000
b1011001111 $
b1011001111 #
b1011001111 %
#14390000
0"
#14400000
b11001111 '
b11001111 (
1"
#14405000
b1011010000 $
b1011010000 #
b1011010000 %
#14410000
0"
#14420000
b11010000 '
b11010000 (
1"
#14425000
b1011010001 $
b1011010001 #
b1011010001 %
#14430000
0"
#14440000
b11010001 '
b11010001 (
1"
#14445000
b1011010010 $
b1011010010 #
b1011010010 %
#14450000
0"
#14460000
b11010010 '
b11010010 (
1"
#14465000
b1011010011 $
b1011010011 #
b1011010011 %
#14470000
0"
#14480000
b10000110 !
b10000110 &
b11010011 '
b11010011 (
1"
#14485000
b1011010100 $
b1011010100 #
b1011010100 %
#14490000
0"
#14500000
b11010100 '
b11010100 (
1"
#14505000
b1011010101 $
b1011010101 #
b1011010101 %
#14510000
0"
#14520000
b11010101 '
b11010101 (
1"
#14525000
b1011010110 $
b1011010110 #
b1011010110 %
#14530000
0"
#14540000
b11010110 '
b11010110 (
1"
#14545000
b1011010111 $
b1011010111 #
b1011010111 %
#14550000
0"
#14560000
b10000101 !
b10000101 &
b11010111 '
b11010111 (
1"
#14565000
b1011011000 $
b1011011000 #
b1011011000 %
#14570000
0"
#14580000
b11011000 '
b11011000 (
1"
#14585000
b1011011001 $
b1011011001 #
b1011011001 %
#14590000
0"
#14600000
b11011001 '
b11011001 (
1"
#14605000
b1011011010 $
b1011011010 #
b1011011010 %
#14610000
0"
#14620000
b11011010 '
b11011010 (
1"
#14625000
b1011011011 $
b1011011011 #
b1011011011 %
#14630000
0"
#14640000
b11011011 '
b11011011 (
1"
#14645000
b1011011100 $
b1011011100 #
b1011011100 %
#14650000
0"
#14660000
b11011100 '
b11011100 (
1"
#14665000
b1011011101 $
b1011011101 #
b1011011101 %
#14670000
0"
#14680000
b10000100 !
b10000100 &
b11011101 '
b11011101 (
1"
#14685000
b1011011110 $
b1011011110 #
b1011011110 %
#14690000
0"
#14700000
b11011110 '
b11011110 (
1"
#14705000
b1011011111 $
b1011011111 #
b1011011111 %
#14710000
0"
#14720000
b11011111 '
b11011111 (
1"
#14725000
b1011100000 $
b1011100000 #
b1011100000 %
#14730000
0"
#14740000
b11100000 '
b11100000 (
1"
#14745000
b1011100001 $
b1011100001 #
b1011100001 %
#14750000
0"
#14760000
b11100001 '
b11100001 (
1"
#14765000
b1011100010 $
b1011100010 #
b1011100010 %
#14770000
0"
#14780000
b11100010 '
b11100010 (
1"
#14785000
b1011100011 $
b1011100011 #
b1011100011 %
#14790000
0"
#14800000
b11100011 '
b11100011 (
1"
#14805000
b1011100100 $
b1011100100 #
b1011100100 %
#14810000
0"
#14820000
b10000011 !
b10000011 &
b11100100 '
b11100100 (
1"
#14825000
b1011100101 $
b1011100101 #
b1011100101 %
#14830000
0"
#14840000
b11100101 '
b11100101 (
1"
#14845000
b1011100110 $
b1011100110 #
b1011100110 %
#14850000
0"
#14860000
b11100110 '
b11100110 (
1"
#14865000
b1011100111 $
b1011100111 #
b1011100111 %
#14870000
0"
#14880000
b11100111 '
b11100111 (
1"
#14885000
b1011101000 $
b1011101000 #
b1011101000 %
#14890000
0"
#14900000
b11101000 '
b11101000 (
1"
#14905000
b1011101001 $
b1011101001 #
b1011101001 %
#14910000
0"
#14920000
b11101001 '
b11101001 (
1"
#14925000
b1011101010 $
b1011101010 #
b1011101010 %
#14930000
0"
#14940000
b11101010 '
b11101010 (
1"
#14945000
b1011101011 $
b1011101011 #
b1011101011 %
#14950000
0"
#14960000
b11101011 '
b11101011 (
1"
#14965000
b1011101100 $
b1011101100 #
b1011101100 %
#14970000
0"
#14980000
b10000010 !
b10000010 &
b11101100 '
b11101100 (
1"
#14985000
b1011101101 $
b1011101101 #
b1011101101 %
#14990000
0"
#15000000
b11101101 '
b11101101 (
1"
#15005000
b1011101110 $
b1011101110 #
b1011101110 %
#15010000
0"
#15020000
b11101110 '
b11101110 (
1"
#15025000
b1011101111 $
b1011101111 #
b1011101111 %
#15030000
0"
#15040000
b11101111 '
b11101111 (
1"
#15045000
b1011110000 $
b1011110000 #
b1011110000 %
#15050000
0"
#15060000
b11110000 '
b11110000 (
1"
#15065000
b1011110001 $
b1011110001 #
b1011110001 %
#15070000
0"
#15080000
b11110001 '
b11110001 (
1"
#15085000
b1011110010 $
b1011110010 #
b1011110010 %
#15090000
0"
#15100000
b11110010 '
b11110010 (
1"
#15105000
b1011110011 $
b1011110011 #
b1011110011 %
#15110000
0"
#15120000
b11110011 '
b11110011 (
1"
#15125000
b1011110100 $
b1011110100 #
b1011110100 %
#15130000
0"
#15140000
b11110100 '
b11110100 (
1"
#15145000
b1011110101 $
b1011110101 #
b1011110101 %
#15150000
0"
#15160000
b11110101 '
b11110101 (
1"
#15165000
b1011110110 $
b1011110110 #
b1011110110 %
#15170000
0"
#15180000
b11110110 '
b11110110 (
1"
#15185000
b1011110111 $
b1011110111 #
b1011110111 %
#15190000
0"
#15200000
b11110111 '
b11110111 (
1"
#15205000
b1011111000 $
b1011111000 #
b1011111000 %
#15210000
0"
#15220000
b11111000 '
b11111000 (
1"
#15225000
b1011111001 $
b1011111001 #
b1011111001 %
#15230000
0"
#15240000
b11111001 '
b11111001 (
1"
#15245000
b1011111010 $
b1011111010 #
b1011111010 %
#15250000
0"
#15260000
b11111010 '
b11111010 (
1"
#15265000
b1011111011 $
b1011111011 #
b1011111011 %
#15270000
0"
#15280000
b11111011 '
b11111011 (
1"
#15285000
b1011111100 $
b1011111100 #
b1011111100 %
#15290000
0"
#15300000
b11111100 '
b11111100 (
1"
#15305000
b1011111101 $
b1011111101 #
b1011111101 %
#15310000
0"
#15320000
b11111101 '
b11111101 (
1"
#15325000
b1011111110 $
b1011111110 #
b1011111110 %
#15330000
0"
#15340000
b11111110 '
b11111110 (
1"
#15345000
b1011111111 $
b1011111111 #
b1011111111 %
#15350000
0"
#15360000
b11111111 '
b11111111 (
1"
#15365000
b1100000000 $
b1100000000 #
b1100000000 %
#15370000
0"
#15380000
1"
#15385000
b1100000001 $
b1100000001 #
b1100000001 %
#15390000
0"
#15400000
b11111110 '
b11111110 (
1"
#15405000
b1100000010 $
b1100000010 #
b1100000010 %
#15410000
0"
#15420000
b11111101 '
b11111101 (
1"
#15425000
b1100000011 $
b1100000011 #
b1100000011 %
#15430000
0"
#15440000
b11111100 '
b11111100 (
1"
#15445000
b1100000100 $
b1100000100 #
b1100000100 %
#15450000
0"
#15460000
b11111011 '
b11111011 (
1"
#15465000
b1100000101 $
b1100000101 #
b1100000101 %
#15470000
0"
#15480000
b11111010 '
b11111010 (
1"
#15485000
b1100000110 $
b1100000110 #
b1100000110 %
#15490000
0"
#15500000
b11111001 '
b11111001 (
1"
#15505000
b1100000111 $
b1100000111 #
b1100000111 %
#15510000
0"
#15520000
b11111000 '
b11111000 (
1"
#15525000
b1100001000 $
b1100001000 #
b1100001000 %
#15530000
0"
#15540000
b11110111 '
b11110111 (
1"
#15545000
b1100001001 $
b1100001001 #
b1100001001 %
#15550000
0"
#15560000
b11110110 '
b11110110 (
1"
#15565000
b1100001010 $
b1100001010 #
b1100001010 %
#15570000
0"
#15580000
b11110101 '
b11110101 (
1"
#15585000
b1100001011 $
b1100001011 #
b1100001011 %
#15590000
0"
#15600000
b11110100 '
b11110100 (
1"
#15605000
b1100001100 $
b1100001100 #
b1100001100 %
#15610000
0"
#15620000
b11110011 '
b11110011 (
1"
#15625000
b1100001101 $
b1100001101 #
b1100001101 %
#15630000
0"
#15640000
b11110010 '
b11110010 (
1"
#15645000
b1100001110 $
b1100001110 #
b1100001110 %
#15650000
0"
#15660000
b11110001 '
b11110001 (
1"
#15665000
b1100001111 $
b1100001111 #
b1100001111 %
#15670000
0"
#15680000
b11110000 '
b11110000 (
1"
#15685000
b1100010000 $
b1100010000 #
b1100010000 %
#15690000
0"
#15700000
b11101111 '
b11101111 (
1"
#15705000
b1100010001 $
b1100010001 #
b1100010001 %
#15710000
0"
#15720000
b11101110 '
b11101110 (
1"
#15725000
b1100010010 $
b1100010010 #
b1100010010 %
#15730000
0"
#15740000
b11101101 '
b11101101 (
1"
#15745000
b1100010011 $
b1100010011 #
b1100010011 %
#15750000
0"
#15760000
b11101100 '
b11101100 (
1"
#15765000
b1100010100 $
b1100010100 #
b1100010100 %
#15770000
0"
#15780000
b10000011 !
b10000011 &
b11101011 '
b11101011 (
1"
#15785000
b1100010101 $
b1100010101 #
b1100010101 %
#15790000
0"
#15800000
b11101010 '
b11101010 (
1"
#15805000
b1100010110 $
b1100010110 #
b1100010110 %
#15810000
0"
#15820000
b11101001 '
b11101001 (
1"
#15825000
b1100010111 $
b1100010111 #
b1100010111 %
#15830000
0"
#15840000
b11101000 '
b11101000 (
1"
#15845000
b1100011000 $
b1100011000 #
b1100011000 %
#15850000
0"
#15860000
b11100111 '
b11100111 (
1"
#15865000
b1100011001 $
b1100011001 #
b1100011001 %
#15870000
0"
#15880000
b11100110 '
b11100110 (
1"
#15885000
b1100011010 $
b1100011010 #
b1100011010 %
#15890000
0"
#15900000
b11100101 '
b11100101 (
1"
#15905000
b1100011011 $
b1100011011 #
b1100011011 %
#15910000
0"
#15920000
b11100100 '
b11100100 (
1"
#15925000
b1100011100 $
b1100011100 #
b1100011100 %
#15930000
0"
#15940000
b10000100 !
b10000100 &
b11100011 '
b11100011 (
1"
#15945000
b1100011101 $
b1100011101 #
b1100011101 %
#15950000
0"
#15960000
b11100010 '
b11100010 (
1"
#15965000
b1100011110 $
b1100011110 #
b1100011110 %
#15970000
0"
#15980000
b11100001 '
b11100001 (
1"
#15985000
b1100011111 $
b1100011111 #
b1100011111 %
#15990000
0"
#16000000
b11100000 '
b11100000 (
1"
#16005000
b1100100000 $
b1100100000 #
b1100100000 %
#16010000
0"
#16020000
b11011111 '
b11011111 (
1"
#16025000
b1100100001 $
b1100100001 #
b1100100001 %
#16030000
0"
#16040000
b11011110 '
b11011110 (
1"
#16045000
b1100100010 $
b1100100010 #
b1100100010 %
#16050000
0"
#16060000
b11011101 '
b11011101 (
1"
#16065000
b1100100011 $
b1100100011 #
b1100100011 %
#16070000
0"
#16080000
b10000101 !
b10000101 &
b11011100 '
b11011100 (
1"
#16085000
b1100100100 $
b1100100100 #
b1100100100 %
#16090000
0"
#16100000
b11011011 '
b11011011 (
1"
#16105000
b1100100101 $
b1100100101 #
b1100100101 %
#16110000
0"
#16120000
b11011010 '
b11011010 (
1"
#16125000
b1100100110 $
b1100100110 #
b1100100110 %
#16130000
0"
#16140000
b11011001 '
b11011001 (
1"
#16145000
b1100100111 $
b1100100111 #
b1100100111 %
#16150000
0"
#16160000
b11011000 '
b11011000 (
1"
#16165000
b1100101000 $
b1100101000 #
b1100101000 %
#16170000
0"
#16180000
b11010111 '
b11010111 (
1"
#16185000
b1100101001 $
b1100101001 #
b1100101001 %
#16190000
0"
#16200000
b10000110 !
b10000110 &
b11010110 '
b11010110 (
1"
#16205000
b1100101010 $
b1100101010 #
b1100101010 %
#16210000
0"
#16220000
b11010101 '
b11010101 (
1"
#16225000
b1100101011 $
b1100101011 #
b1100101011 %
#16230000
0"
#16240000
b11010100 '
b11010100 (
1"
#16245000
b1100101100 $
b1100101100 #
b1100101100 %
#16250000
0"
#16260000
b11010011 '
b11010011 (
1"
#16265000
b1100101101 $
b1100101101 #
b1100101101 %
#16270000
0"
#16280000
b10000111 !
b10000111 &
b11010010 '
b11010010 (
1"
#16285000
b1100101110 $
b1100101110 #
b1100101110 %
#16290000
0"
#16300000
b11010001 '
b11010001 (
1"
#16305000
b1100101111 $
b1100101111 #
b1100101111 %
#16310000
0"
#16320000
b11010000 '
b11010000 (
1"
#16325000
b1100110000 $
b1100110000 #
b1100110000 %
#16330000
0"
#16340000
b11001111 '
b11001111 (
1"
#16345000
b1100110001 $
b1100110001 #
b1100110001 %
#16350000
0"
#16360000
b11001110 '
b11001110 (
1"
#16365000
b1100110010 $
b1100110010 #
b1100110010 %
#16370000
0"
#16380000
b10001000 !
b10001000 &
b11001101 '
b11001101 (
1"
#16385000
b1100110011 $
b1100110011 #
b1100110011 %
#16390000
0"
#16400000
b11001100 '
b11001100 (
1"
#16405000
b1100110100 $
b1100110100 #
b1100110100 %
#16410000
0"
#16420000
b11001011 '
b11001011 (
1"
#16425000
b1100110101 $
b1100110101 #
b1100110101 %
#16430000
0"
#16440000
b11001010 '
b11001010 (
1"
#16445000
b1100110110 $
b1100110110 #
b1100110110 %
#16450000
0"
#16460000
b10001001 !
b10001001 &
b11001001 '
b11001001 (
1"
#16465000
b1100110111 $
b1100110111 #
b1100110111 %
#16470000
0"
#16480000
b11001000 '
b11001000 (
1"
#16485000
b1100111000 $
b1100111000 #
b1100111000 %
#16490000
0"
#16500000
b11000111 '
b11000111 (
1"
#16505000
b1100111001 $
b1100111001 #
b1100111001 %
#16510000
0"
#16520000
b11000110 '
b11000110 (
1"
#16525000
b1100111010 $
b1100111010 #
b1100111010 %
#16530000
0"
#16540000
b10001010 !
b10001010 &
b11000101 '
b11000101 (
1"
#16545000
b1100111011 $
b1100111011 #
b1100111011 %
#16550000
0"
#16560000
b11000100 '
b11000100 (
1"
#16565000
b1100111100 $
b1100111100 #
b1100111100 %
#16570000
0"
#16580000
b11000011 '
b11000011 (
1"
#16585000
b1100111101 $
b1100111101 #
b1100111101 %
#16590000
0"
#16600000
b10001011 !
b10001011 &
b11000010 '
b11000010 (
1"
#16605000
b1100111110 $
b1100111110 #
b1100111110 %
#16610000
0"
#16620000
b11000001 '
b11000001 (
1"
#16625000
b1100111111 $
b1100111111 #
b1100111111 %
#16630000
0"
#16640000
b11000000 '
b11000000 (
1"
#16645000
b1101000000 $
b1101000000 #
b1101000000 %
#16650000
0"
#16660000
b10111111 '
b10111111 (
1"
#16665000
b1101000001 $
b1101000001 #
b1101000001 %
#16670000
0"
#16680000
b10001100 !
b10001100 &
b10111110 '
b10111110 (
1"
#16685000
b1101000010 $
b1101000010 #
b1101000010 %
#16690000
0"
#16700000
b10111101 '
b10111101 (
1"
#16705000
b1101000011 $
b1101000011 #
b1101000011 %
#16710000
0"
#16720000
b10111100 '
b10111100 (
1"
#16725000
b1101000100 $
b1101000100 #
b1101000100 %
#16730000
0"
#16740000
b10001101 !
b10001101 &
b10111011 '
b10111011 (
1"
#16745000
b1101000101 $
b1101000101 #
b1101000101 %
#16750000
0"
#16760000
b10111010 '
b10111010 (
1"
#16765000
b1101000110 $
b1101000110 #
b1101000110 %
#16770000
0"
#16780000
b10111001 '
b10111001 (
1"
#16785000
b1101000111 $
b1101000111 #
b1101000111 %
#16790000
0"
#16800000
b10001110 !
b10001110 &
b10111000 '
b10111000 (
1"
#16805000
b1101001000 $
b1101001000 #
b1101001000 %
#16810000
0"
#16820000
b10110111 '
b10110111 (
1"
#16825000
b1101001001 $
b1101001001 #
b1101001001 %
#16830000
0"
#16840000
b10110110 '
b10110110 (
1"
#16845000
b1101001010 $
b1101001010 #
b1101001010 %
#16850000
0"
#16860000
b10001111 !
b10001111 &
b10110101 '
b10110101 (
1"
#16865000
b1101001011 $
b1101001011 #
b1101001011 %
#16870000
0"
#16880000
b10110100 '
b10110100 (
1"
#16885000
b1101001100 $
b1101001100 #
b1101001100 %
#16890000
0"
#16900000
b10110011 '
b10110011 (
1"
#16905000
b1101001101 $
b1101001101 #
b1101001101 %
#16910000
0"
#16920000
b10010000 !
b10010000 &
b10110010 '
b10110010 (
1"
#16925000
b1101001110 $
b1101001110 #
b1101001110 %
#16930000
0"
#16940000
b10110001 '
b10110001 (
1"
#16945000
b1101001111 $
b1101001111 #
b1101001111 %
#16950000
0"
#16960000
b10110000 '
b10110000 (
1"
#16965000
b1101010000 $
b1101010000 #
b1101010000 %
#16970000
0"
#16980000
b10010001 !
b10010001 &
b10101111 '
b10101111 (
1"
#16985000
b1101010001 $
b1101010001 #
b1101010001 %
#16990000
0"
#17000000
b10101110 '
b10101110 (
1"
#17005000
b1101010010 $
b1101010010 #
b1101010010 %
#17010000
0"
#17020000
b10010010 !
b10010010 &
b10101101 '
b10101101 (
1"
#17025000
b1101010011 $
b1101010011 #
b1101010011 %
#17030000
0"
#17040000
b10101100 '
b10101100 (
1"
#17045000
b1101010100 $
b1101010100 #
b1101010100 %
#17050000
0"
#17060000
b10101011 '
b10101011 (
1"
#17065000
b1101010101 $
b1101010101 #
b1101010101 %
#17070000
0"
#17080000
b10010011 !
b10010011 &
b10101010 '
b10101010 (
1"
#17085000
b1101010110 $
b1101010110 #
b1101010110 %
#17090000
0"
#17100000
b10101001 '
b10101001 (
1"
#17105000
b1101010111 $
b1101010111 #
b1101010111 %
#17110000
0"
#17120000
b10010100 !
b10010100 &
b10101000 '
b10101000 (
1"
#17125000
b1101011000 $
b1101011000 #
b1101011000 %
#17130000
0"
#17140000
b10100111 '
b10100111 (
1"
#17145000
b1101011001 $
b1101011001 #
b1101011001 %
#17150000
0"
#17160000
b10100110 '
b10100110 (
1"
#17165000
b1101011010 $
b1101011010 #
b1101011010 %
#17170000
0"
#17180000
b10010101 !
b10010101 &
b10100101 '
b10100101 (
1"
#17185000
b1101011011 $
b1101011011 #
b1101011011 %
#17190000
0"
#17200000
b10100100 '
b10100100 (
1"
#17205000
b1101011100 $
b1101011100 #
b1101011100 %
#17210000
0"
#17220000
b10010110 !
b10010110 &
b10100011 '
b10100011 (
1"
#17225000
b1101011101 $
b1101011101 #
b1101011101 %
#17230000
0"
#17240000
b10100010 '
b10100010 (
1"
#17245000
b1101011110 $
b1101011110 #
b1101011110 %
#17250000
0"
#17260000
b10100001 '
b10100001 (
1"
#17265000
b1101011111 $
b1101011111 #
b1101011111 %
#17270000
0"
#17280000
b10010111 !
b10010111 &
b10100000 '
b10100000 (
1"
#17285000
b1101100000 $
b1101100000 #
b1101100000 %
#17290000
0"
#17300000
b10011111 '
b10011111 (
1"
#17305000
b1101100001 $
b1101100001 #
b1101100001 %
#17310000
0"
#17320000
b10011000 !
b10011000 &
b10011110 '
b10011110 (
1"
#17325000
b1101100010 $
b1101100010 #
b1101100010 %
#17330000
0"
#17340000
b10011101 '
b10011101 (
1"
#17345000
b1101100011 $
b1101100011 #
b1101100011 %
#17350000
0"
#17360000
b10011001 !
b10011001 &
b10011100 '
b10011100 (
1"
#17365000
b1101100100 $
b1101100100 #
b1101100100 %
#17370000
0"
#17380000
b10011011 '
b10011011 (
1"
#17385000
b1101100101 $
b1101100101 #
b1101100101 %
#17390000
0"
#17400000
b10011010 !
b10011010 &
b10011010 '
b10011010 (
1"
#17405000
b1101100110 $
b1101100110 #
b1101100110 %
#17410000
0"
#17420000
b10011001 '
b10011001 (
1"
#17425000
b1101100111 $
b1101100111 #
b1101100111 %
#17430000
0"
#17440000
b10011000 '
b10011000 (
1"
#17445000
b1101101000 $
b1101101000 #
b1101101000 %
#17450000
0"
#17460000
b10011011 !
b10011011 &
b10010111 '
b10010111 (
1"
#17465000
b1101101001 $
b1101101001 #
b1101101001 %
#17470000
0"
#17480000
b10010110 '
b10010110 (
1"
#17485000
b1101101010 $
b1101101010 #
b1101101010 %
#17490000
0"
#17500000
b10011100 !
b10011100 &
b10010101 '
b10010101 (
1"
#17505000
b1101101011 $
b1101101011 #
b1101101011 %
#17510000
0"
#17520000
b10010100 '
b10010100 (
1"
#17525000
b1101101100 $
b1101101100 #
b1101101100 %
#17530000
0"
#17540000
b10011101 !
b10011101 &
b10010011 '
b10010011 (
1"
#17545000
b1101101101 $
b1101101101 #
b1101101101 %
#17550000
0"
#17560000
b10010010 '
b10010010 (
1"
#17565000
b1101101110 $
b1101101110 #
b1101101110 %
#17570000
0"
#17580000
b10011110 !
b10011110 &
b10010001 '
b10010001 (
1"
#17585000
b1101101111 $
b1101101111 #
b1101101111 %
#17590000
0"
#17600000
b10010000 '
b10010000 (
1"
#17605000
b1101110000 $
b1101110000 #
b1101110000 %
#17610000
0"
#17620000
b10011111 !
b10011111 &
b10001111 '
b10001111 (
1"
#17625000
b1101110001 $
b1101110001 #
b1101110001 %
#17630000
0"
#17640000
b10001110 '
b10001110 (
1"
#17645000
b1101110010 $
b1101110010 #
b1101110010 %
#17650000
0"
#17660000
b10100000 !
b10100000 &
b10001101 '
b10001101 (
1"
#17665000
b1101110011 $
b1101110011 #
b1101110011 %
#17670000
0"
#17680000
b10001100 '
b10001100 (
1"
#17685000
b1101110100 $
b1101110100 #
b1101110100 %
#17690000
0"
#17700000
b10100001 !
b10100001 &
b10001011 '
b10001011 (
1"
#17705000
b1101110101 $
b1101110101 #
b1101110101 %
#17710000
0"
#17720000
b10001010 '
b10001010 (
1"
#17725000
b1101110110 $
b1101110110 #
b1101110110 %
#17730000
0"
#17740000
b10100010 !
b10100010 &
b10001001 '
b10001001 (
1"
#17745000
b1101110111 $
b1101110111 #
b1101110111 %
#17750000
0"
#17760000
b10001000 '
b10001000 (
1"
#17765000
b1101111000 $
b1101111000 #
b1101111000 %
#17770000
0"
#17780000
b10100011 !
b10100011 &
b10000111 '
b10000111 (
1"
#17785000
b1101111001 $
b1101111001 #
b1101111001 %
#17790000
0"
#17800000
b10000110 '
b10000110 (
1"
#17805000
b1101111010 $
b1101111010 #
b1101111010 %
#17810000
0"
#17820000
b10100100 !
b10100100 &
b10000101 '
b10000101 (
1"
#17825000
b1101111011 $
b1101111011 #
b1101111011 %
#17830000
0"
#17840000
b10100101 !
b10100101 &
b10000100 '
b10000100 (
1"
#17845000
b1101111100 $
b1101111100 #
b1101111100 %
#17850000
0"
#17860000
b10000011 '
b10000011 (
1"
#17865000
b1101111101 $
b1101111101 #
b1101111101 %
#17870000
0"
#17880000
b10100110 !
b10100110 &
b10000010 '
b10000010 (
1"
#17885000
b1101111110 $
b1101111110 #
b1101111110 %
#17890000
0"
#17900000
b10000001 '
b10000001 (
1"
#17905000
b1101111111 $
b1101111111 #
b1101111111 %
#17910000
0"
#17920000
b10100111 !
b10100111 &
b10000000 '
b10000000 (
1"
#17925000
b1110000000 $
b1110000000 #
b1110000000 %
#17930000
0"
#17940000
b1111111 '
b1111111 (
1"
#17945000
b1110000001 $
b1110000001 #
b1110000001 %
#17950000
0"
#17960000
b10101000 !
b10101000 &
b1111110 '
b1111110 (
1"
#17965000
b1110000010 $
b1110000010 #
b1110000010 %
#17970000
0"
#17980000
b1111101 '
b1111101 (
1"
#17985000
b1110000011 $
b1110000011 #
b1110000011 %
#17990000
0"
#18000000
b10101001 !
b10101001 &
b1111100 '
b1111100 (
1"
#18005000
b1110000100 $
b1110000100 #
b1110000100 %
#18010000
0"
#18020000
b1111011 '
b1111011 (
1"
#18025000
b1110000101 $
b1110000101 #
b1110000101 %
#18030000
0"
#18040000
b10101010 !
b10101010 &
b1111010 '
b1111010 (
1"
#18045000
b1110000110 $
b1110000110 #
b1110000110 %
#18050000
0"
#18060000
b10101011 !
b10101011 &
b1111001 '
b1111001 (
1"
#18065000
b1110000111 $
b1110000111 #
b1110000111 %
#18070000
0"
#18080000
b1111000 '
b1111000 (
1"
#18085000
b1110001000 $
b1110001000 #
b1110001000 %
#18090000
0"
#18100000
b10101100 !
b10101100 &
b1110111 '
b1110111 (
1"
#18105000
b1110001001 $
b1110001001 #
b1110001001 %
#18110000
0"
#18120000
b1110110 '
b1110110 (
1"
#18125000
b1110001010 $
b1110001010 #
b1110001010 %
#18130000
0"
#18140000
b10101101 !
b10101101 &
b1110101 '
b1110101 (
1"
#18145000
b1110001011 $
b1110001011 #
b1110001011 %
#18150000
0"
#18160000
b10101110 !
b10101110 &
b1110100 '
b1110100 (
1"
#18165000
b1110001100 $
b1110001100 #
b1110001100 %
#18170000
0"
#18180000
b1110011 '
b1110011 (
1"
#18185000
b1110001101 $
b1110001101 #
b1110001101 %
#18190000
0"
#18200000
b10101111 !
b10101111 &
b1110010 '
b1110010 (
1"
#18205000
b1110001110 $
b1110001110 #
b1110001110 %
#18210000
0"
#18220000
b1110001 '
b1110001 (
1"
#18225000
b1110001111 $
b1110001111 #
b1110001111 %
#18230000
0"
#18240000
b10110000 !
b10110000 &
b1110000 '
b1110000 (
1"
#18245000
b1110010000 $
b1110010000 #
b1110010000 %
#18250000
0"
#18260000
b10110001 !
b10110001 &
b1101111 '
b1101111 (
1"
#18265000
b1110010001 $
b1110010001 #
b1110010001 %
#18270000
0"
#18280000
b1101110 '
b1101110 (
1"
#18285000
b1110010010 $
b1110010010 #
b1110010010 %
#18290000
0"
#18300000
b10110010 !
b10110010 &
b1101101 '
b1101101 (
1"
#18305000
b1110010011 $
b1110010011 #
b1110010011 %
#18310000
0"
#18320000
b1101100 '
b1101100 (
1"
#18325000
b1110010100 $
b1110010100 #
b1110010100 %
#18330000
0"
#18340000
b10110011 !
b10110011 &
b1101011 '
b1101011 (
1"
#18345000
b1110010101 $
b1110010101 #
b1110010101 %
#18350000
0"
#18360000
b10110100 !
b10110100 &
b1101010 '
b1101010 (
1"
#18365000
b1110010110 $
b1110010110 #
b1110010110 %
#18370000
0"
#18380000
b1101001 '
b1101001 (
1"
#18385000
b1110010111 $
b1110010111 #
b1110010111 %
#18390000
0"
#18400000
b10110101 !
b10110101 &
b1101000 '
b1101000 (
1"
#18405000
b1110011000 $
b1110011000 #
b1110011000 %
#18410000
0"
#18420000
b1100111 '
b1100111 (
1"
#18425000
b1110011001 $
b1110011001 #
b1110011001 %
#18430000
0"
#18440000
b10110110 !
b10110110 &
b1100110 '
b1100110 (
1"
#18445000
b1110011010 $
b1110011010 #
b1110011010 %
#18450000
0"
#18460000
b10110111 !
b10110111 &
b1100101 '
b1100101 (
1"
#18465000
b1110011011 $
b1110011011 #
b1110011011 %
#18470000
0"
#18480000
b1100100 '
b1100100 (
1"
#18485000
b1110011100 $
b1110011100 #
b1110011100 %
#18490000
0"
#18500000
b10111000 !
b10111000 &
b1100011 '
b1100011 (
1"
#18505000
b1110011101 $
b1110011101 #
b1110011101 %
#18510000
0"
#18520000
b10111001 !
b10111001 &
b1100010 '
b1100010 (
1"
#18525000
b1110011110 $
b1110011110 #
b1110011110 %
#18530000
0"
#18540000
b1100001 '
b1100001 (
1"
#18545000
b1110011111 $
b1110011111 #
b1110011111 %
#18550000
0"
#18560000
b10111010 !
b10111010 &
b1100000 '
b1100000 (
1"
#18565000
b1110100000 $
b1110100000 #
b1110100000 %
#18570000
0"
#18580000
b10111011 !
b10111011 &
b1011111 '
b1011111 (
1"
#18585000
b1110100001 $
b1110100001 #
b1110100001 %
#18590000
0"
#18600000
b1011110 '
b1011110 (
1"
#18605000
b1110100010 $
b1110100010 #
b1110100010 %
#18610000
0"
#18620000
b10111100 !
b10111100 &
b1011101 '
b1011101 (
1"
#18625000
b1110100011 $
b1110100011 #
b1110100011 %
#18630000
0"
#18640000
b10111101 !
b10111101 &
b1011100 '
b1011100 (
1"
#18645000
b1110100100 $
b1110100100 #
b1110100100 %
#18650000
0"
#18660000
b1011011 '
b1011011 (
1"
#18665000
b1110100101 $
b1110100101 #
b1110100101 %
#18670000
0"
#18680000
b10111110 !
b10111110 &
b1011010 '
b1011010 (
1"
#18685000
b1110100110 $
b1110100110 #
b1110100110 %
#18690000
0"
#18700000
b10111111 !
b10111111 &
b1011001 '
b1011001 (
1"
#18705000
b1110100111 $
b1110100111 #
b1110100111 %
#18710000
0"
#18720000
b1011000 '
b1011000 (
1"
#18725000
b1110101000 $
b1110101000 #
b1110101000 %
#18730000
0"
#18740000
b11000000 !
b11000000 &
b1010111 '
b1010111 (
1"
#18745000
b1110101001 $
b1110101001 #
b1110101001 %
#18750000
0"
#18760000
b11000001 !
b11000001 &
b1010110 '
b1010110 (
1"
#18765000
b1110101010 $
b1110101010 #
b1110101010 %
#18770000
0"
#18780000
b1010101 '
b1010101 (
1"
#18785000
b1110101011 $
b1110101011 #
b1110101011 %
#18790000
0"
#18800000
b11000010 !
b11000010 &
b1010100 '
b1010100 (
1"
#18805000
b1110101100 $
b1110101100 #
b1110101100 %
#18810000
0"
#18820000
b11000011 !
b11000011 &
b1010011 '
b1010011 (
1"
#18825000
b1110101101 $
b1110101101 #
b1110101101 %
#18830000
0"
#18840000
b1010010 '
b1010010 (
1"
#18845000
b1110101110 $
b1110101110 #
b1110101110 %
#18850000
0"
#18860000
b11000100 !
b11000100 &
b1010001 '
b1010001 (
1"
#18865000
b1110101111 $
b1110101111 #
b1110101111 %
#18870000
0"
#18880000
b11000101 !
b11000101 &
b1010000 '
b1010000 (
1"
#18885000
b1110110000 $
b1110110000 #
b1110110000 %
#18890000
0"
#18900000
b1001111 '
b1001111 (
1"
#18905000
b1110110001 $
b1110110001 #
b1110110001 %
#18910000
0"
#18920000
b11000110 !
b11000110 &
b1001110 '
b1001110 (
1"
#18925000
b1110110010 $
b1110110010 #
b1110110010 %
#18930000
0"
#18940000
b11000111 !
b11000111 &
b1001101 '
b1001101 (
1"
#18945000
b1110110011 $
b1110110011 #
b1110110011 %
#18950000
0"
#18960000
b1001100 '
b1001100 (
1"
#18965000
b1110110100 $
b1110110100 #
b1110110100 %
#18970000
0"
#18980000
b11001000 !
b11001000 &
b1001011 '
b1001011 (
1"
#18985000
b1110110101 $
b1110110101 #
b1110110101 %
#18990000
0"
#19000000
b11001001 !
b11001001 &
b1001010 '
b1001010 (
1"
#19005000
b1110110110 $
b1110110110 #
b1110110110 %
#19010000
0"
#19020000
b1001001 '
b1001001 (
1"
#19025000
b1110110111 $
b1110110111 #
b1110110111 %
#19030000
0"
#19040000
b11001010 !
b11001010 &
b1001000 '
b1001000 (
1"
#19045000
b1110111000 $
b1110111000 #
b1110111000 %
#19050000
0"
#19060000
b11001011 !
b11001011 &
b1000111 '
b1000111 (
1"
#19065000
b1110111001 $
b1110111001 #
b1110111001 %
#19070000
0"
#19080000
b11001100 !
b11001100 &
b1000110 '
b1000110 (
1"
#19085000
b1110111010 $
b1110111010 #
b1110111010 %
#19090000
0"
#19100000
b1000101 '
b1000101 (
1"
#19105000
b1110111011 $
b1110111011 #
b1110111011 %
#19110000
0"
#19120000
b11001101 !
b11001101 &
b1000100 '
b1000100 (
1"
#19125000
b1110111100 $
b1110111100 #
b1110111100 %
#19130000
0"
#19140000
b11001110 !
b11001110 &
b1000011 '
b1000011 (
1"
#19145000
b1110111101 $
b1110111101 #
b1110111101 %
#19150000
0"
#19160000
b1000010 '
b1000010 (
1"
#19165000
b1110111110 $
b1110111110 #
b1110111110 %
#19170000
0"
#19180000
b11001111 !
b11001111 &
b1000001 '
b1000001 (
1"
#19185000
b1110111111 $
b1110111111 #
b1110111111 %
#19190000
0"
#19200000
b11010000 !
b11010000 &
b1000000 '
b1000000 (
1"
#19205000
b1111000000 $
b1111000000 #
b1111000000 %
#19210000
0"
#19220000
b11010001 !
b11010001 &
b111111 '
b111111 (
1"
#19225000
b1111000001 $
b1111000001 #
b1111000001 %
#19230000
0"
#19240000
b111110 '
b111110 (
1"
#19245000
b1111000010 $
b1111000010 #
b1111000010 %
#19250000
0"
#19260000
b11010010 !
b11010010 &
b111101 '
b111101 (
1"
#19265000
b1111000011 $
b1111000011 #
b1111000011 %
#19270000
0"
#19280000
b11010011 !
b11010011 &
b111100 '
b111100 (
1"
#19285000
b1111000100 $
b1111000100 #
b1111000100 %
#19290000
0"
#19300000
b11010100 !
b11010100 &
b111011 '
b111011 (
1"
#19305000
b1111000101 $
b1111000101 #
b1111000101 %
#19310000
0"
#19320000
b111010 '
b111010 (
1"
#19325000
b1111000110 $
b1111000110 #
b1111000110 %
#19330000
0"
#19340000
b11010101 !
b11010101 &
b111001 '
b111001 (
1"
#19345000
b1111000111 $
b1111000111 #
b1111000111 %
#19350000
0"
#19360000
b11010110 !
b11010110 &
b111000 '
b111000 (
1"
#19365000
b1111001000 $
b1111001000 #
b1111001000 %
#19370000
0"
#19380000
b110111 '
b110111 (
1"
#19385000
b1111001001 $
b1111001001 #
b1111001001 %
#19390000
0"
#19400000
b11010111 !
b11010111 &
b110110 '
b110110 (
1"
#19405000
b1111001010 $
b1111001010 #
b1111001010 %
#19410000
0"
#19420000
b11011000 !
b11011000 &
b110101 '
b110101 (
1"
#19425000
b1111001011 $
b1111001011 #
b1111001011 %
#19430000
0"
#19440000
b11011001 !
b11011001 &
b110100 '
b110100 (
1"
#19445000
b1111001100 $
b1111001100 #
b1111001100 %
#19450000
0"
#19460000
b110011 '
b110011 (
1"
#19465000
b1111001101 $
b1111001101 #
b1111001101 %
#19470000
0"
#19480000
b11011010 !
b11011010 &
b110010 '
b110010 (
1"
#19485000
b1111001110 $
b1111001110 #
b1111001110 %
#19490000
0"
#19500000
b11011011 !
b11011011 &
b110001 '
b110001 (
1"
#19505000
b1111001111 $
b1111001111 #
b1111001111 %
#19510000
0"
#19520000
b11011100 !
b11011100 &
b110000 '
b110000 (
1"
#19525000
b1111010000 $
b1111010000 #
b1111010000 %
#19530000
0"
#19540000
b101111 '
b101111 (
1"
#19545000
b1111010001 $
b1111010001 #
b1111010001 %
#19550000
0"
#19560000
b11011101 !
b11011101 &
b101110 '
b101110 (
1"
#19565000
b1111010010 $
b1111010010 #
b1111010010 %
#19570000
0"
#19580000
b11011110 !
b11011110 &
b101101 '
b101101 (
1"
#19585000
b1111010011 $
b1111010011 #
b1111010011 %
#19590000
0"
#19600000
b11011111 !
b11011111 &
b101100 '
b101100 (
1"
#19605000
b1111010100 $
b1111010100 #
b1111010100 %
#19610000
0"
#19620000
b101011 '
b101011 (
1"
#19625000
b1111010101 $
b1111010101 #
b1111010101 %
#19630000
0"
#19640000
b11100000 !
b11100000 &
b101010 '
b101010 (
1"
#19645000
b1111010110 $
b1111010110 #
b1111010110 %
#19650000
0"
#19660000
b11100001 !
b11100001 &
b101001 '
b101001 (
1"
#19665000
b1111010111 $
b1111010111 #
b1111010111 %
#19670000
0"
#19680000
b11100010 !
b11100010 &
b101000 '
b101000 (
1"
#19685000
b1111011000 $
b1111011000 #
b1111011000 %
#19690000
0"
#19700000
b100111 '
b100111 (
1"
#19705000
b1111011001 $
b1111011001 #
b1111011001 %
#19710000
0"
#19720000
b11100011 !
b11100011 &
b100110 '
b100110 (
1"
#19725000
b1111011010 $
b1111011010 #
b1111011010 %
#19730000
0"
#19740000
b11100100 !
b11100100 &
b100101 '
b100101 (
1"
#19745000
b1111011011 $
b1111011011 #
b1111011011 %
#19750000
0"
#19760000
b11100101 !
b11100101 &
b100100 '
b100100 (
1"
#19765000
b1111011100 $
b1111011100 #
b1111011100 %
#19770000
0"
#19780000
b100011 '
b100011 (
1"
#19785000
b1111011101 $
b1111011101 #
b1111011101 %
#19790000
0"
#19800000
b11100110 !
b11100110 &
b100010 '
b100010 (
1"
#19805000
b1111011110 $
b1111011110 #
b1111011110 %
#19810000
0"
#19820000
b11100111 !
b11100111 &
b100001 '
b100001 (
1"
#19825000
b1111011111 $
b1111011111 #
b1111011111 %
#19830000
0"
#19840000
b11101000 !
b11101000 &
b100000 '
b100000 (
1"
#19845000
b1111100000 $
b1111100000 #
b1111100000 %
#19850000
0"
#19860000
b11111 '
b11111 (
1"
#19865000
b1111100001 $
b1111100001 #
b1111100001 %
#19870000
0"
#19880000
b11101001 !
b11101001 &
b11110 '
b11110 (
1"
#19885000
b1111100010 $
b1111100010 #
b1111100010 %
#19890000
0"
#19900000
b11101010 !
b11101010 &
b11101 '
b11101 (
1"
#19905000
b1111100011 $
b1111100011 #
b1111100011 %
#19910000
0"
#19920000
b11101011 !
b11101011 &
b11100 '
b11100 (
1"
#19925000
b1111100100 $
b1111100100 #
b1111100100 %
#19930000
0"
#19940000
b11101100 !
b11101100 &
b11011 '
b11011 (
1"
#19945000
b1111100101 $
b1111100101 #
b1111100101 %
#19950000
0"
#19960000
b11010 '
b11010 (
1"
#19965000
b1111100110 $
b1111100110 #
b1111100110 %
#19970000
0"
#19980000
b11101101 !
b11101101 &
b11001 '
b11001 (
1"
#19985000
b1111100111 $
b1111100111 #
b1111100111 %
#19990000
0"
#20000000
b11101110 !
b11101110 &
b11000 '
b11000 (
1"
#20005000
b1111101000 $
b1111101000 #
b1111101000 %
#20010000
0"
#20020000
b11101111 !
b11101111 &
b10111 '
b10111 (
1"
#20025000
b1111101001 $
b1111101001 #
b1111101001 %
#20030000
0"
#20040000
b10110 '
b10110 (
1"
#20045000
b1111101010 $
b1111101010 #
b1111101010 %
#20050000
0"
#20060000
b11110000 !
b11110000 &
b10101 '
b10101 (
1"
#20065000
b1111101011 $
b1111101011 #
b1111101011 %
#20070000
0"
#20080000
b11110001 !
b11110001 &
b10100 '
b10100 (
1"
#20085000
b1111101100 $
b1111101100 #
b1111101100 %
#20090000
0"
#20100000
b11110010 !
b11110010 &
b10011 '
b10011 (
1"
#20105000
b1111101101 $
b1111101101 #
b1111101101 %
#20110000
0"
#20120000
b11110011 !
b11110011 &
b10010 '
b10010 (
1"
#20125000
b1111101110 $
b1111101110 #
b1111101110 %
#20130000
0"
#20140000
b10001 '
b10001 (
1"
#20145000
b1111101111 $
b1111101111 #
b1111101111 %
#20150000
0"
#20160000
b11110100 !
b11110100 &
b10000 '
b10000 (
1"
#20165000
b1111110000 $
b1111110000 #
b1111110000 %
#20170000
0"
#20180000
b11110101 !
b11110101 &
b1111 '
b1111 (
1"
#20185000
b1111110001 $
b1111110001 #
b1111110001 %
#20190000
0"
#20200000
b11110110 !
b11110110 &
b1110 '
b1110 (
1"
#20205000
b1111110010 $
b1111110010 #
b1111110010 %
#20210000
0"
#20220000
b1101 '
b1101 (
1"
#20225000
b1111110011 $
b1111110011 #
b1111110011 %
#20230000
0"
#20240000
b11110111 !
b11110111 &
b1100 '
b1100 (
1"
#20245000
b1111110100 $
b1111110100 #
b1111110100 %
#20250000
0"
#20260000
b11111000 !
b11111000 &
b1011 '
b1011 (
1"
#20265000
b1111110101 $
b1111110101 #
b1111110101 %
#20270000
0"
#20280000
b11111001 !
b11111001 &
b1010 '
b1010 (
1"
#20285000
b1111110110 $
b1111110110 #
b1111110110 %
#20290000
0"
#20300000
b1001 '
b1001 (
1"
#20305000
b1111110111 $
b1111110111 #
b1111110111 %
#20310000
0"
#20320000
b11111010 !
b11111010 &
b1000 '
b1000 (
1"
#20325000
b1111111000 $
b1111111000 #
b1111111000 %
#20330000
0"
#20340000
b11111011 !
b11111011 &
b111 '
b111 (
1"
#20345000
b1111111001 $
b1111111001 #
b1111111001 %
#20350000
0"
#20360000
b11111100 !
b11111100 &
b110 '
b110 (
1"
#20365000
b1111111010 $
b1111111010 #
b1111111010 %
#20370000
0"
#20380000
b11111101 !
b11111101 &
b101 '
b101 (
1"
#20385000
b1111111011 $
b1111111011 #
b1111111011 %
#20390000
0"
#20400000
b100 '
b100 (
1"
#20405000
b1111111100 $
b1111111100 #
b1111111100 %
#20410000
0"
#20420000
b11111110 !
b11111110 &
b11 '
b11 (
1"
#20425000
b1111111101 $
b1111111101 #
b1111111101 %
#20430000
0"
#20440000
b11111111 !
b11111111 &
b10 '
b10 (
1"
#20445000
b1111111110 $
b1111111110 #
b1111111110 %
#20450000
0"
#20460000
b0 !
b0 &
b1 '
b1 (
1"
#20465000
b1111111111 $
b1111111111 #
b1111111111 %
